{
  "resourceType": "Questionnaire",
  "id": "Questionnaire-Extension-Example",
  "meta": {
    "versionId": "1.0.0-S37",
    "profile": [
      "http://science37.com/StructureDefinition/questionnaire-s37"
    ]
  },
  "text": {
    "status": "generated",
    "div": "<div xmlns=\"http://www.w3.org/1999/xhtml\"><table border=\"1\" cellpadding=\"0\" cellspacing=\"0\" style=\"border: 1px #F0F0F0 solid; font-size: 11px; font-family: verdana; vertical-align: top;\"><tr style=\"border: 2px #F0F0F0 solid; font-size: 11px; font-family: verdana; vertical-align: top\"><th style=\"vertical-align: top; text-align : left; background-color: white; border: 1px #F0F0F0 solid; padding:0px 4px 0px 4px\" class=\"hierarchy\"><a href=\"http://hl7.org/fhir/R4/formats.html#table\" title=\"The linkId for the item\">LinkId</a></th><th style=\"vertical-align: top; text-align : left; background-color: white; border: 1px #F0F0F0 solid; padding:0px 4px 0px 4px\" class=\"hierarchy\"><a href=\"http://hl7.org/fhir/R4/formats.html#table\" title=\"Text for the item\">Text</a></th><th style=\"vertical-align: top; text-align : left; background-color: white; border: 1px #F0F0F0 solid; padding:0px 4px 0px 4px\" class=\"hierarchy\"><a href=\"http://hl7.org/fhir/R4/formats.html#table\" title=\"Minimum and Maximum # of times the the itemcan appear in the instance\">Cardinality</a></th><th style=\"vertical-align: top; text-align : left; background-color: white; border: 1px #F0F0F0 solid; padding:0px 4px 0px 4px\" class=\"hierarchy\"><a href=\"http://hl7.org/fhir/R4/formats.html#table\" title=\"The type of the item\">Type</a></th><th style=\"vertical-align: top; text-align : left; background-color: white; border: 1px #F0F0F0 solid; padding:0px 4px 0px 4px\" class=\"hierarchy\"><a href=\"http://hl7.org/fhir/R4/formats.html#table\" title=\"Additional information about the item\">Description &amp; Constraints</a><span style=\"float: right\"><a href=\"http://hl7.org/fhir/R4/formats.html#table\" title=\"Legend for this format\"><img src=\"http://hl7.org/fhir/R4/help16.png\" alt=\"doco\" style=\"background-color: inherit\"/></a></span></th></tr><tr style=\"border: 1px #F0F0F0 solid; padding:0px; vertical-align: top; background-color: white\"><td style=\"vertical-align: top; text-align : left; background-color: white; border: 1px #F0F0F0 solid; padding:0px 4px 0px 4px; white-space: nowrap; background-image: url(tbl_bck0.png)\" class=\"hierarchy\"><img src=\"tbl_spacer.png\" alt=\".\" style=\"background-color: inherit\" class=\"hierarchy\"/><img src=\"icon_q_root.gif\" alt=\".\" style=\"background-color: white; background-color: inherit\" title=\"QuestionnaireRoot\" class=\"hierarchy\"/> Example : Questionnaire</td><td style=\"vertical-align: top; text-align : left; background-color: white; border: 1px #F0F0F0 solid; padding:0px 4px 0px 4px\" class=\"hierarchy\"/><td style=\"vertical-align: top; text-align : left; background-color: white; border: 1px #F0F0F0 solid; padding:0px 4px 0px 4px\" class=\"hierarchy\"></td><td style=\"vertical-align: top; text-align : left; background-color: white; border: 1px #F0F0F0 solid; padding:0px 4px 0px 4px\" class=\"hierarchy\">Questionnaire</td><td style=\"vertical-align: top; text-align : left; background-color: white; border: 1px #F0F0F0 solid; padding:0px 4px 0px 4px\" class=\"hierarchy\">http://science37.com/Questionnaire/Questionnaire-Extension-Example#1.0.0-S37</td></tr>\r\n<tr><td colspan=\"5\" class=\"hierarchy\"><br/><a href=\"http://hl7.org/fhir/R4/formats.html#table\" title=\"Legend for this format\"><img src=\"http://hl7.org/fhir/R4/help16.png\" alt=\"doco\" style=\"background-color: inherit\"/> Documentation for this format</a></td></tr></table></div>"
  },
  "extension": [
    {
      "extension": [
        {
          "url": "type",
          "valueString": "formType"
        },
        {
          "url": "buildLanguage",
          "valueString": "US_English"
        },
        {
          "url": "excludeFromDataExport",
          "valueBoolean": true
        },
        {
          "url": "requireDataReview",
          "valueBoolean": true
        },
        {
          "url": "requireEditReason",
          "valueBoolean": true
        },
        {
          "url": "subStatus",
          "valueString": "Deleted Status"
        },
        {
          "url": "controlSchemaVersion",
          "valueString": "2.1.9"
        },
        {
          "url": "OID",
          "valueString": "FORM OID"
        },
        {
          "url": "standardVariable",
          "valueString": "FORM Standard Variable"
        },
        {
          "url": "title",
          "valueString": "Form Title"
        },
        {
          "url": "label",
          "valueString": "Form Label"
        },
        {
          "url": "createdAt",
          "valueDateTime": "2015-02-07T13:28:17Z"
        },
        {
          "url": "updatedAt",
          "valueDateTime": "2022-01-01T10:08:10Z"
        }
      ],
      "url": "http://science37.com/StructureDefinition/form-settings"
    }
  ],
  "url": "http://science37.com/Questionnaire/Questionnaire-Extension-Example",
  "identifier": [
    {
      "value": "Form ID-odfu9sdfyisyd78y877"
    }
  ],
  "version": "1.0.0-S37",
  "name": "Example : Questionnaire",
  "title": "Example : Questionnaire",
  "status": "draft",
  "subjectType": [
    "Patient"
  ],
  "date": "2022-04-15T17:11:07+00:00",
  "publisher": "Science37",
  "contact": [
    {
      "name": "Science37",
      "telecom": [
        {
          "system": "url",
          "value": "http://science37.com/publisher"
        }
      ]
    }
  ]
}