{"resourceType":"Questionnaire","id":"Questionnaire-Item-Extension-Example-DateTime","meta":{"profile":["http://science37.com/StructureDefinition/questionnaire-s37"]},"text":{"status":"generated","div":"<div xmlns=\"http://www.w3.org/1999/xhtml\"><table border=\"1\" cellpadding=\"0\" cellspacing=\"0\" style=\"border: 1px #F0F0F0 solid; font-size: 11px; font-family: verdana; vertical-align: top;\"><tr style=\"border: 2px #F0F0F0 solid; font-size: 11px; font-family: verdana; vertical-align: top\"><th style=\"vertical-align: top; text-align : left; background-color: white; border: 1px #F0F0F0 solid; padding:0px 4px 0px 4px\" class=\"hierarchy\"><a href=\"http://hl7.org/fhir/R4/formats.html#table\" title=\"The linkId for the item\">LinkId</a></th><th style=\"vertical-align: top; text-align : left; background-color: white; border: 1px #F0F0F0 solid; padding:0px 4px 0px 4px\" class=\"hierarchy\"><a href=\"http://hl7.org/fhir/R4/formats.html#table\" title=\"Text for the item\">Text</a></th><th style=\"vertical-align: top; text-align : left; background-color: white; border: 1px #F0F0F0 solid; padding:0px 4px 0px 4px\" class=\"hierarchy\"><a href=\"http://hl7.org/fhir/R4/formats.html#table\" title=\"Minimum and Maximum # of times the the itemcan appear in the instance\">Cardinality</a></th><th style=\"vertical-align: top; text-align : left; background-color: white; border: 1px #F0F0F0 solid; padding:0px 4px 0px 4px\" class=\"hierarchy\"><a href=\"http://hl7.org/fhir/R4/formats.html#table\" title=\"The type of the item\">Type</a></th><th style=\"vertical-align: top; text-align : left; background-color: white; border: 1px #F0F0F0 solid; padding:0px 4px 0px 4px\" class=\"hierarchy\"><a href=\"http://hl7.org/fhir/R4/formats.html#table\" title=\"Additional information about the item\">Description &amp; Constraints</a><span style=\"float: right\"><a href=\"http://hl7.org/fhir/R4/formats.html#table\" title=\"Legend for this format\"><img src=\"http://hl7.org/fhir/R4/help16.png\" alt=\"doco\" style=\"background-color: inherit\"/></a></span></th></tr><tr style=\"border: 1px #F0F0F0 solid; padding:0px; vertical-align: top; background-color: white\"><td style=\"vertical-align: top; text-align : left; background-color: white; border: 1px #F0F0F0 solid; padding:0px 4px 0px 4px; white-space: nowrap; background-image: url(tbl_bck1.png)\" class=\"hierarchy\"><img src=\"tbl_spacer.png\" alt=\".\" style=\"background-color: inherit\" class=\"hierarchy\"/><img src=\"icon_q_root.gif\" alt=\".\" style=\"background-color: white; background-color: inherit\" title=\"QuestionnaireRoot\" class=\"hierarchy\"/> Example : Questionnaire.Item DateTime</td><td style=\"vertical-align: top; text-align : left; background-color: white; border: 1px #F0F0F0 solid; padding:0px 4px 0px 4px\" class=\"hierarchy\"/><td style=\"vertical-align: top; text-align : left; background-color: white; border: 1px #F0F0F0 solid; padding:0px 4px 0px 4px\" class=\"hierarchy\"></td><td style=\"vertical-align: top; text-align : left; background-color: white; border: 1px #F0F0F0 solid; padding:0px 4px 0px 4px\" class=\"hierarchy\">Questionnaire</td><td style=\"vertical-align: top; text-align : left; background-color: white; border: 1px #F0F0F0 solid; padding:0px 4px 0px 4px\" class=\"hierarchy\">http://science37.com/Questionnaire/Questionnaire-Item-Extension-Example-DateTime#1.0.0-S37</td></tr>\r\n<tr style=\"border: 1px #F0F0F0 solid; padding:0px; vertical-align: top; background-color: #F7F7F7\"><td style=\"vertical-align: top; text-align : left; background-color: #F7F7F7; border: 1px #F0F0F0 solid; padding:0px 4px 0px 4px; white-space: nowrap; background-image: url(tbl_bck00.png)\" id=\"item.__S37-form-fields-qo3cyvy8fgh\" class=\"hierarchy\"><img src=\"tbl_spacer.png\" alt=\".\" style=\"background-color: inherit\" class=\"hierarchy\"/><img src=\"tbl_vjoin_end.png\" alt=\".\" style=\"background-color: inherit\" class=\"hierarchy\"/><img src=\"icon-q-datetime.png\" alt=\".\" style=\"background-color: #F7F7F7; background-color: inherit\" title=\"Date Time\" class=\"hierarchy\"/> __S37-form-fields-qo3cyvy8fgh</td><td style=\"vertical-align: top; text-align : left; background-color: #F7F7F7; border: 1px #F0F0F0 solid; padding:0px 4px 0px 4px\" class=\"hierarchy\">&lt;p style=&quot;text-align:left;&quot;&gt;&lt;strong&gt;DATE_TIME_LABEL&lt;/strong&gt;&lt;/p&gt;</td><td style=\"vertical-align: top; text-align : left; background-color: #F7F7F7; border: 1px #F0F0F0 solid; padding:0px 4px 0px 4px\" class=\"hierarchy\">1..1</td><td style=\"vertical-align: top; text-align : left; background-color: #F7F7F7; border: 1px #F0F0F0 solid; padding:0px 4px 0px 4px\" class=\"hierarchy\"><a href=\"http://hl7.org/fhir/R4/codesystem-item-type.html#item-type-dateTime\">dateTime</a></td><td style=\"vertical-align: top; text-align : left; background-color: #F7F7F7; border: 1px #F0F0F0 solid; padding:0px 4px 0px 4px\" class=\"hierarchy\">Max Length: 22<br/>Definition: https://science37.com/NG/widget/id/datetime/version/2.3<br/>Initial Value: string =  Replacement for defaultPlaceholder</td></tr>\r\n<tr><td colspan=\"5\" class=\"hierarchy\"><br/><a href=\"http://hl7.org/fhir/R4/formats.html#table\" title=\"Legend for this format\"><img src=\"http://hl7.org/fhir/R4/help16.png\" alt=\"doco\" style=\"background-color: inherit\"/> Documentation for this format</a></td></tr></table></div>"},"url":"http://science37.com/Questionnaire/Questionnaire-Item-Extension-Example-DateTime","identifier":[{"value":"Form ID1234"}],"version":"1.0.0-S37","name":"Example : Questionnaire.Item DateTime","title":"Example : Questionnaire.Item DateTime","status":"draft","subjectType":["Patient"],"date":"2022-04-18T14:49:47+00:00","publisher":"Science37","contact":[{"name":"Science37","telecom":[{"system":"url","value":"http://science37.com/publisher"}]}],"item":[{"extension":[{"url":"http://hl7.org/fhir/StructureDefinition/questionnaire-hidden","valueBoolean":false},{"url":"http://science37.com/StructureDefinition/observation-Extract","valueBoolean":true},{"extension":[{"url":"version","valueId":"1.0.1-dateTime"},{"url":"OID","valueString":"DATE_TIME_OID"},{"url":"title","valueString":"DATE_TIME_TITLE"},{"url":"variableName","valueString":"The Item variableName"},{"url":"standardVariable","valueString":"DATE_TIME_STD_VAR"},{"url":"fieldCode","valueString":"The fieldCode"},{"url":"description","valueString":"DATE_TIME_DESC"},{"url":"completionPeriodOfTime","valueString":"hr"},{"url":"completionNoOfHours","valueInteger":22},{"url":"completionNoOfDays","valueInteger":2},{"url":"completionNoOfMonths","valueInteger":1},{"url":"completionShouldOccur","valueBoolean":true}],"url":"http://science37.com/StructureDefinition/datetime-item"},{"url":"http://hl7.org/fhir/StructureDefinition/maxValue","valueDateTime":"2020-11-14T16:39:40-05:00"},{"url":"http://hl7.org/fhir/StructureDefinition/minValue","valueDateTime":"2000-11-14T16:39:40-05:00"}],"linkId":"__S37-form-fields-qo3cyvy8fgh","definition":"https://science37.com/NG/widget/id/datetime/version/2.3","text":"<p style=\"text-align:left;\"><strong>DATE_TIME_LABEL</strong></p>","type":"dateTime","required":true,"maxLength":22,"initial":[{"valueString":" Replacement for defaultPlaceholder"}]}]}