{
  "resourceType": "PlanDefinition",
  "id": "PlanDefintion-EXPECTEDVISITPLAN-Example",
  "meta": {
    "profile": [
      "http://science37.com/fhir/StructureDefinition/plan-definition-s37"
    ]
  },
  "text": {
    "status": "extensions",
    "div": "<div xmlns=\"http://www.w3.org/1999/xhtml\"><p><b>Generated Narrative</b></p><div style=\"display: inline-block; background-color: #d9e0e7; padding: 6px; margin: 4px; border: 1px solid #8da1b4; border-radius: 5px; line-height: 60%\"><p style=\"margin-bottom: 0px\">Resource \"PlanDefintion-EXPECTEDVISITPLAN-Example\" </p><p style=\"margin-bottom: 0px\">Profile: <a href=\"StructureDefinition-plan-definition-s37.html\">Plan Definition S37</a></p></div><blockquote><p><b>Parent Reference</b></p><p><b>value</b>: 54052f63-ccf7-43ea-89ec-a77cec8f80e8</p><p><b>value</b>: 54052f63-ccf7-43ea-89ec-a77cec8f80e8</p></blockquote><blockquote><p><b>datetime</b></p><p><b>value</b>: 2020-10-07 04:52:47+0000</p><p><b>value</b>: 2020-10-07 04:52:47+0000</p></blockquote><p><b>Audit Trail Version</b>: 1.0.2</p><p><b>Protocal Version</b>: 1.0.2</p><blockquote><p><b>Day Zero</b></p><p><b>value</b>: ELIG_V</p><p><b>value</b>: e358d87d-d340-43eb-ae17-fabe787cq002</p><p><b>value</b>: Eligibility Visit</p><p><b>value</b>: e358d87d-d340-43eb-ae17-fabe787cq002</p><p><b>value</b>: Form-a</p><p><b>value</b>: 1.0</p><p><b>value</b>: e358d87d-d340-43eb-ae17-fabe787cq009</p><p><b>value</b>: day-0-date</p></blockquote><p><b>url</b>: <code>http://science37.com/fhir/PlanDefinition/PlanDefintion-EXPECTEDVISITPLAN-Example</code></p><p><b>version</b>: 1.0.0-S37</p><p><b>name</b>: EXPECTED_VISIT_PLAN</p><p><b>status</b>: draft</p><p><b>date</b>: 2022-04-19 04:57:06+0000</p><p><b>publisher</b>: Science37</p><p><b>contact</b>: Science37: <a href=\"http://science37.com/publisher\">http://science37.com/publisher</a></p><blockquote><p><b>action</b></p><p><b>definition</b>: <code>EXPECTED_VISIT_PLAN/e358d87d-d340-43eb-ae17-fabe787cf001</code></p></blockquote><blockquote><p><b>action</b></p><p><b>definition</b>: <code>ALTERNATIVE_VISIT_PLAN/e358d87d-d340-43eb-ae17-fabe787cf002</code></p></blockquote><blockquote><p><b>action</b></p><p><b>definition</b>: <code>UNSCHEDULED_VISIT/e358d87d-d340-43eb-ae17-fabe787cf004</code></p></blockquote><blockquote><p><b>action</b></p><p><b>definition</b>: <code>RECURRING_FORMS_LIST/f358d87d-d340-43eb-ae17-fabe787cf001</code></p></blockquote><blockquote><p><b>action</b></p><p><b>definition</b>: <code>ADHOC_FORMS_LIST/f358d87d-d340-43eb-ae17-fabe787cf001</code></p></blockquote><blockquote><p><b>action</b></p><p><b>definition</b>: <code>ONGOING_FORMS_LIST/f358d87d-d340-43eb-ae17-fabe787cf001</code></p></blockquote></div>"
  },
  "extension": [
    {
      "extension": [
        {
          "url": "expected",
          "valueString": "54052f63-ccf7-43ea-89ec-a77cec8f80e8"
        },
        {
          "url": "visit",
          "valueString": "54052f63-ccf7-43ea-89ec-a77cec8f80e8"
        }
      ],
      "url": "http://science37.com/fhir/StructureDefinition/parent-reference"
    },
    {
      "extension": [
        {
          "url": "created",
          "valueDateTime": "2020-10-07T04:52:47Z"
        },
        {
          "url": "updated",
          "valueDateTime": "2020-10-07T04:52:47Z"
        }
      ],
      "url": "http://science37.com/fhir/StructureDefinition/datetime"
    },
    {
      "url": "http://science37.com/fhir/StructureDefinition/audit-trail-version",
      "valueString": "1.0.2"
    },
    {
      "url": "http://science37.com/fhir/StructureDefinition/protocal-version",
      "valueString": "1.0.2"
    },
    {
      "extension": [
        {
          "url": "visit-oid",
          "valueString": "ELIG_V"
        },
        {
          "url": "visit-id",
          "valueString": "e358d87d-d340-43eb-ae17-fabe787cq002"
        },
        {
          "url": "visit-title",
          "valueString": "Eligibility Visit"
        },
        {
          "url": "form-id",
          "valueString": "e358d87d-d340-43eb-ae17-fabe787cq002"
        },
        {
          "url": "form-title",
          "valueString": "Form-a"
        },
        {
          "url": "form-version",
          "valueString": "1.0"
        },
        {
          "url": "form-day0-date-field-id",
          "valueString": "e358d87d-d340-43eb-ae17-fabe787cq009"
        },
        {
          "url": "form-day0-date-field-name",
          "valueString": "day-0-date"
        }
      ],
      "url": "http://science37.com/fhir/StructureDefinition/day-zero"
    }
  ],
  "url": "http://science37.com/fhir/PlanDefinition/PlanDefintion-EXPECTEDVISITPLAN-Example",
  "version": "1.0.0-S37",
  "name": "EXPECTED_VISIT_PLAN",
  "status": "draft",
  "date": "2022-04-19T16:57:06+00:00",
  "publisher": "Science37",
  "contact": [
    {
      "name": "Science37",
      "telecom": [
        {
          "system": "url",
          "value": "http://science37.com/publisher"
        }
      ]
    }
  ],
  "action": [
    {
      "definitionUri": "EXPECTED_VISIT_PLAN/e358d87d-d340-43eb-ae17-fabe787cf001"
    },
    {
      "definitionUri": "ALTERNATIVE_VISIT_PLAN/e358d87d-d340-43eb-ae17-fabe787cf002"
    },
    {
      "definitionUri": "UNSCHEDULED_VISIT/e358d87d-d340-43eb-ae17-fabe787cf004"
    },
    {
      "definitionUri": "RECURRING_FORMS_LIST/f358d87d-d340-43eb-ae17-fabe787cf001"
    },
    {
      "definitionUri": "ADHOC_FORMS_LIST/f358d87d-d340-43eb-ae17-fabe787cf001"
    },
    {
      "definitionUri": "ONGOING_FORMS_LIST/f358d87d-d340-43eb-ae17-fabe787cf001"
    }
  ]
}