[
  {
    "id": "science27.FHIR-IG",
    "type": "ImplementationGuide",
    "url": "http://science37.com/ImplementationGuide/science27.FHIR-IG",
    "version": "1.0.0-S37",
    "name": "S37FHIRIG"
  },
  {
    "id": "Questionnaire-Item-Extension-Example",
    "type": "Questionnaire",
    "url": "http://science37.com/Questionnaire/Questionnaire-Item-Extension-Example",
    "version": "1.0.0-S37",
    "name": "Example : Questionnaire.Item Extension"
  },
  {
    "id": "form-settings",
    "type": "StructureDefinition",
    "url": "http://science37.com/StructureDefinition/form-settings",
    "version": "1.0.0-S37",
    "name": "FormSettings"
  },
  {
    "id": "item-settings",
    "type": "StructureDefinition",
    "url": "http://science37.com/StructureDefinition/item-settings",
    "version": "1.0.0-S37",
    "name": "ItemSettings"
  },
  {
    "id": "questionnaire-s37",
    "type": "StructureDefinition",
    "url": "http://science37.com/StructureDefinition/questionnaire-s37",
    "version": "1.0.0-S37",
    "name": "QuestionnaireS37"
  }
]