{
  "resourceType": "Questionnaire",
  "id": "Questionnaire-Item-Extension-Example-Number-Decimal",
  "meta": {
    "versionId": "1.0.0-S37",
    "profile": [
      "http://science37.com/StructureDefinition/questionnaire-s37"
    ]
  },
  "text": {
    "status": "generated",
    "div": "<div xmlns=\"http://www.w3.org/1999/xhtml\"><table border=\"1\" cellpadding=\"0\" cellspacing=\"0\" style=\"border: 1px #F0F0F0 solid; font-size: 11px; font-family: verdana; vertical-align: top;\"><tr style=\"border: 2px #F0F0F0 solid; font-size: 11px; font-family: verdana; vertical-align: top\"><th style=\"vertical-align: top; text-align : left; background-color: white; border: 1px #F0F0F0 solid; padding:0px 4px 0px 4px\" class=\"hierarchy\"><a href=\"http://hl7.org/fhir/R4/formats.html#table\" title=\"The linkId for the item\">LinkId</a></th><th style=\"vertical-align: top; text-align : left; background-color: white; border: 1px #F0F0F0 solid; padding:0px 4px 0px 4px\" class=\"hierarchy\"><a href=\"http://hl7.org/fhir/R4/formats.html#table\" title=\"Text for the item\">Text</a></th><th style=\"vertical-align: top; text-align : left; background-color: white; border: 1px #F0F0F0 solid; padding:0px 4px 0px 4px\" class=\"hierarchy\"><a href=\"http://hl7.org/fhir/R4/formats.html#table\" title=\"Minimum and Maximum # of times the the itemcan appear in the instance\">Cardinality</a></th><th style=\"vertical-align: top; text-align : left; background-color: white; border: 1px #F0F0F0 solid; padding:0px 4px 0px 4px\" class=\"hierarchy\"><a href=\"http://hl7.org/fhir/R4/formats.html#table\" title=\"The type of the item\">Type</a></th><th style=\"vertical-align: top; text-align : left; background-color: white; border: 1px #F0F0F0 solid; padding:0px 4px 0px 4px\" class=\"hierarchy\"><a href=\"http://hl7.org/fhir/R4/formats.html#table\" title=\"Additional information about the item\">Description &amp; Constraints</a><span style=\"float: right\"><a href=\"http://hl7.org/fhir/R4/formats.html#table\" title=\"Legend for this format\"><img src=\"http://hl7.org/fhir/R4/help16.png\" alt=\"doco\" style=\"background-color: inherit\"/></a></span></th></tr><tr style=\"border: 1px #F0F0F0 solid; padding:0px; vertical-align: top; background-color: white\"><td style=\"vertical-align: top; text-align : left; background-color: white; border: 1px #F0F0F0 solid; padding:0px 4px 0px 4px; white-space: nowrap; background-image: url(tbl_bck1.png)\" class=\"hierarchy\"><img src=\"tbl_spacer.png\" alt=\".\" style=\"background-color: inherit\" class=\"hierarchy\"/><img src=\"icon_q_root.gif\" alt=\".\" style=\"background-color: white; background-color: inherit\" title=\"QuestionnaireRoot\" class=\"hierarchy\"/> Example : Questionnaire.Item Number-Decimal</td><td style=\"vertical-align: top; text-align : left; background-color: white; border: 1px #F0F0F0 solid; padding:0px 4px 0px 4px\" class=\"hierarchy\"/><td style=\"vertical-align: top; text-align : left; background-color: white; border: 1px #F0F0F0 solid; padding:0px 4px 0px 4px\" class=\"hierarchy\"></td><td style=\"vertical-align: top; text-align : left; background-color: white; border: 1px #F0F0F0 solid; padding:0px 4px 0px 4px\" class=\"hierarchy\">Questionnaire</td><td style=\"vertical-align: top; text-align : left; background-color: white; border: 1px #F0F0F0 solid; padding:0px 4px 0px 4px\" class=\"hierarchy\">http://science37.com/Questionnaire/Questionnaire-Item-Extension-Example-Number-Decimal#1.0.0-S37</td></tr>\r\n<tr style=\"border: 1px #F0F0F0 solid; padding:0px; vertical-align: top; background-color: #F7F7F7\"><td style=\"vertical-align: top; text-align : left; background-color: #F7F7F7; border: 1px #F0F0F0 solid; padding:0px 4px 0px 4px; white-space: nowrap; background-image: url(tbl_bck00.png)\" id=\"item.__S37-form-fields-jntlfakzc05\" class=\"hierarchy\"><img src=\"tbl_spacer.png\" alt=\".\" style=\"background-color: inherit\" class=\"hierarchy\"/><img src=\"tbl_vjoin_end.png\" alt=\".\" style=\"background-color: inherit\" class=\"hierarchy\"/><img src=\"icon-q-decimal.png\" alt=\".\" style=\"background-color: #F7F7F7; background-color: inherit\" title=\"Decimal\" class=\"hierarchy\"/> __S37-form-fields-jntlfakzc05</td><td style=\"vertical-align: top; text-align : left; background-color: #F7F7F7; border: 1px #F0F0F0 solid; padding:0px 4px 0px 4px\" class=\"hierarchy\">&lt;p style=&quot;text-align:left;&quot;&gt;&lt;strong&gt;NUMBER_LABEL&lt;/strong&gt;&lt;/p&gt;</td><td style=\"vertical-align: top; text-align : left; background-color: #F7F7F7; border: 1px #F0F0F0 solid; padding:0px 4px 0px 4px\" class=\"hierarchy\">1..1</td><td style=\"vertical-align: top; text-align : left; background-color: #F7F7F7; border: 1px #F0F0F0 solid; padding:0px 4px 0px 4px\" class=\"hierarchy\"><a href=\"http://hl7.org/fhir/R4/codesystem-item-type.html#item-type-decimal\">decimal</a></td><td style=\"vertical-align: top; text-align : left; background-color: #F7F7F7; border: 1px #F0F0F0 solid; padding:0px 4px 0px 4px\" class=\"hierarchy\">Definition: https://science37.com/NG/widget/id/richText/version/2.3<br/>Initial Value: decimal = 1.01</td></tr>\r\n<tr><td colspan=\"5\" class=\"hierarchy\"><br/><a href=\"http://hl7.org/fhir/R4/formats.html#table\" title=\"Legend for this format\"><img src=\"http://hl7.org/fhir/R4/help16.png\" alt=\"doco\" style=\"background-color: inherit\"/> Documentation for this format</a></td></tr></table></div>"
  },
  "url": "http://science37.com/Questionnaire/Questionnaire-Item-Extension-Example-Number-Decimal",
  "identifier": [
    {
      "value": "Form ID"
    }
  ],
  "version": "1.0.0-S37",
  "name": "Example : Questionnaire.Item Number-Decimal",
  "title": "Example : Questionnaire.Item Number-Decimal",
  "status": "draft",
  "subjectType": [
    "Patient"
  ],
  "date": "2022-04-14T18:16:16+00:00",
  "publisher": "Science37",
  "contact": [
    {
      "name": "Science37",
      "telecom": [
        {
          "system": "url",
          "value": "http://science37.com/publisher"
        }
      ]
    }
  ],
  "item": [
    {
      "extension": [
        {
          "extension": [
            {
              "url": "version",
              "valueId": "1.0.1-ItemVersion"
            },
            {
              "url": "OID",
              "valueString": "NUMBER_OID"
            },
            {
              "url": "title",
              "valueString": "NUMBER_TITLE"
            },
            {
              "url": "variableName",
              "valueString": "NOT Assigned by DD"
            },
            {
              "url": "standardVariable",
              "valueString": "FOOTER_STD_VAR"
            },
            {
              "url": "fieldCode",
              "valueString": "NOT Assigned by DD"
            },
            {
              "url": "description",
              "valueString": "NUMBER_DESC"
            },
            {
              "url": "subType",
              "valueString": "Decimal"
            },
            {
              "url": "scale",
              "valueInteger": 3
            }
          ],
          "url": "http://science37.com/StructureDefinition/item-settings"
        },
        {
          "url": "http://hl7.org/fhir/StructureDefinition/minValue",
          "valueDecimal": 0.002
        },
        {
          "url": "http://hl7.org/fhir/StructureDefinition/maxValue",
          "valueDecimal": 10.002
        }
      ],
      "linkId": "__S37-form-fields-jntlfakzc05",
      "definition": "https://science37.com/NG/widget/id/richText/version/2.3",
      "text": "<p style=\"text-align:left;\"><strong>NUMBER_LABEL</strong></p>",
      "type": "decimal",
      "required": true,
      "initial": [
        {
          "valueDecimal": 1.01
        }
      ]
    }
  ]
}