{
  "resourceType": "Questionnaire",
  "id": "Questionnaire-Item-Extension-Example-All-SingleItem",
  "meta": {
    "versionId": "1.0.0-S37",
    "profile": [
      "http://science37.com/StructureDefinition/questionnaire-s37"
    ]
  },
  "text": {
    "status": "generated",
    "div": "<div xmlns=\"http://www.w3.org/1999/xhtml\"><table border=\"1\" cellpadding=\"0\" cellspacing=\"0\" style=\"border: 1px #F0F0F0 solid; font-size: 11px; font-family: verdana; vertical-align: top;\"><tr style=\"border: 2px #F0F0F0 solid; font-size: 11px; font-family: verdana; vertical-align: top\"><th style=\"vertical-align: top; text-align : left; background-color: white; border: 1px #F0F0F0 solid; padding:0px 4px 0px 4px\" class=\"hierarchy\"><a href=\"http://hl7.org/fhir/R4/formats.html#table\" title=\"The linkId for the item\">LinkId</a></th><th style=\"vertical-align: top; text-align : left; background-color: white; border: 1px #F0F0F0 solid; padding:0px 4px 0px 4px\" class=\"hierarchy\"><a href=\"http://hl7.org/fhir/R4/formats.html#table\" title=\"Text for the item\">Text</a></th><th style=\"vertical-align: top; text-align : left; background-color: white; border: 1px #F0F0F0 solid; padding:0px 4px 0px 4px\" class=\"hierarchy\"><a href=\"http://hl7.org/fhir/R4/formats.html#table\" title=\"Minimum and Maximum # of times the the itemcan appear in the instance\">Cardinality</a></th><th style=\"vertical-align: top; text-align : left; background-color: white; border: 1px #F0F0F0 solid; padding:0px 4px 0px 4px\" class=\"hierarchy\"><a href=\"http://hl7.org/fhir/R4/formats.html#table\" title=\"The type of the item\">Type</a></th><th style=\"vertical-align: top; text-align : left; background-color: white; border: 1px #F0F0F0 solid; padding:0px 4px 0px 4px\" class=\"hierarchy\"><a href=\"http://hl7.org/fhir/R4/formats.html#table\" title=\"Additional information about the item\">Description &amp; Constraints</a><span style=\"float: right\"><a href=\"http://hl7.org/fhir/R4/formats.html#table\" title=\"Legend for this format\"><img src=\"http://hl7.org/fhir/R4/help16.png\" alt=\"doco\" style=\"background-color: inherit\"/></a></span></th></tr><tr style=\"border: 1px #F0F0F0 solid; padding:0px; vertical-align: top; background-color: white\"><td style=\"vertical-align: top; text-align : left; background-color: white; border: 1px #F0F0F0 solid; padding:0px 4px 0px 4px; white-space: nowrap; background-image: url(tbl_bck1.png)\" class=\"hierarchy\"><img src=\"tbl_spacer.png\" alt=\".\" style=\"background-color: inherit\" class=\"hierarchy\"/><img src=\"icon_q_root.gif\" alt=\".\" style=\"background-color: white; background-color: inherit\" title=\"QuestionnaireRoot\" class=\"hierarchy\"/> Example : Questionnaire.Item</td><td style=\"vertical-align: top; text-align : left; background-color: white; border: 1px #F0F0F0 solid; padding:0px 4px 0px 4px\" class=\"hierarchy\"/><td style=\"vertical-align: top; text-align : left; background-color: white; border: 1px #F0F0F0 solid; padding:0px 4px 0px 4px\" class=\"hierarchy\"></td><td style=\"vertical-align: top; text-align : left; background-color: white; border: 1px #F0F0F0 solid; padding:0px 4px 0px 4px\" class=\"hierarchy\">Questionnaire</td><td style=\"vertical-align: top; text-align : left; background-color: white; border: 1px #F0F0F0 solid; padding:0px 4px 0px 4px\" class=\"hierarchy\">http://science37.com/Questionnaire/Questionnaire-Item-Extension-Example-All-SingleItem#1.0.0-S37</td></tr>\r\n<tr style=\"border: 1px #F0F0F0 solid; padding:0px; vertical-align: top; background-color: #F7F7F7\"><td style=\"vertical-align: top; text-align : left; background-color: #F7F7F7; border: 1px #F0F0F0 solid; padding:0px 4px 0px 4px; white-space: nowrap; background-image: url(tbl_bck00.png)\" id=\"item.isdfu9s0df8us8dfy\" class=\"hierarchy\"><img src=\"tbl_spacer.png\" alt=\".\" style=\"background-color: inherit\" class=\"hierarchy\"/><img src=\"tbl_vjoin_end.png\" alt=\".\" style=\"background-color: inherit\" class=\"hierarchy\"/><img src=\"icon-q-text.png\" alt=\".\" style=\"background-color: #F7F7F7; background-color: inherit\" title=\"Text\" class=\"hierarchy\"/> isdfu9s0df8us8dfy</td><td style=\"vertical-align: top; text-align : left; background-color: #F7F7F7; border: 1px #F0F0F0 solid; padding:0px 4px 0px 4px\" class=\"hierarchy\">FOID-090s88s. Describe your current mood.</td><td style=\"vertical-align: top; text-align : left; background-color: #F7F7F7; border: 1px #F0F0F0 solid; padding:0px 4px 0px 4px\" class=\"hierarchy\">1..1</td><td style=\"vertical-align: top; text-align : left; background-color: #F7F7F7; border: 1px #F0F0F0 solid; padding:0px 4px 0px 4px\" class=\"hierarchy\"><a href=\"http://hl7.org/fhir/R4/codesystem-item-type.html#item-type-text\">text</a></td><td style=\"vertical-align: top; text-align : left; background-color: #F7F7F7; border: 1px #F0F0F0 solid; padding:0px 4px 0px 4px\" class=\"hierarchy\">Definition: https://science37.com/NG/widget/id/choice2212/version/2.3</td></tr>\r\n<tr><td colspan=\"5\" class=\"hierarchy\"><br/><a href=\"http://hl7.org/fhir/R4/formats.html#table\" title=\"Legend for this format\"><img src=\"http://hl7.org/fhir/R4/help16.png\" alt=\"doco\" style=\"background-color: inherit\"/> Documentation for this format</a></td></tr></table></div>"
  },
  "extension": [
    {
      "extension": [
        {
          "url": "type",
          "valueString": "formType"
        },
        {
          "url": "buildLanguage",
          "valueString": "US_English"
        },
        {
          "url": "excludeFromDataExport",
          "valueBoolean": true
        },
        {
          "url": "requireDataReview",
          "valueBoolean": true
        },
        {
          "url": "requireEditReason",
          "valueBoolean": true
        },
        {
          "url": "subStatus",
          "valueString": "Unknown Status"
        },
        {
          "url": "controlSchemaVersion",
          "valueString": "2.1.9"
        },
        {
          "url": "OID",
          "valueString": "FORM OID"
        },
        {
          "url": "standardVariable",
          "valueString": "Standard Variable"
        },
        {
          "url": "title",
          "valueString": "Form Title"
        },
        {
          "url": "label",
          "valueString": "Form Label"
        },
        {
          "url": "createdAt",
          "valueDateTime": "2015-02-07T13:28:17Z"
        },
        {
          "url": "updatedAt",
          "valueDateTime": "2022-01-01T10:08:10Z"
        }
      ],
      "url": "http://science37.com/StructureDefinition/form-settings"
    }
  ],
  "url": "http://science37.com/Questionnaire/Questionnaire-Item-Extension-Example-All-SingleItem",
  "identifier": [
    {
      "value": "Form ID"
    }
  ],
  "version": "1.0.0-S37",
  "name": "Example : Questionnaire.Item",
  "title": "Example : Questionnaire.Item",
  "status": "draft",
  "subjectType": [
    "Patient"
  ],
  "date": "2022-04-14T16:01:14+00:00",
  "publisher": "Science37",
  "contact": [
    {
      "name": "Science37",
      "telecom": [
        {
          "system": "url",
          "value": "http://science37.com/publisher"
        }
      ]
    }
  ],
  "item": [
    {
      "extension": [
        {
          "extension": [
            {
              "url": "version",
              "valueId": "1.0.1"
            },
            {
              "url": "title",
              "valueString": "The Title"
            },
            {
              "url": "label",
              "valueString": "The lable"
            },
            {
              "url": "variableName",
              "valueString": "The variableName"
            },
            {
              "url": "standardVariable",
              "valueString": "The standardVariable"
            },
            {
              "url": "fieldCode",
              "valueString": "The fieldCode"
            },
            {
              "url": "description",
              "valueString": "The description"
            },
            {
              "url": "OID",
              "valueString": "FOID field Object ID"
            },
            {
              "url": "dateTimeOptions",
              "valueString": "Date Time Options"
            },
            {
              "url": "captureTimeonSubmit",
              "valueBoolean": true
            },
            {
              "url": "completionPeriodOfTime",
              "valueString": "hr"
            },
            {
              "url": "completionNoOfHours",
              "valueInteger": 2
            },
            {
              "url": "completionNoOfMonths",
              "valueInteger": 1
            },
            {
              "url": "completionShouldOccur",
              "valueBoolean": false
            },
            {
              "url": "fromText",
              "valueString": "From Text"
            },
            {
              "url": "toText",
              "valueString": "To Text"
            },
            {
              "url": "naOption",
              "valueBoolean": true
            },
            {
              "url": "naLabel",
              "valueString": "To Text"
            },
            {
              "url": "displayValueIndicator",
              "valueBoolean": true
            },
            {
              "url": "valueIndicatorLabel",
              "valueString": "Value Indicator Label"
            },
            {
              "url": "minValueLabel",
              "valueString": "minValue Label"
            },
            {
              "url": "medValueLabel",
              "valueString": "medValue Label"
            },
            {
              "url": "maxValueLabel",
              "valueString": "maxValue Label"
            },
            {
              "url": "scale",
              "valueInteger": 1
            },
            {
              "url": "formula",
              "valueString": "formula"
            },
            {
              "url": "http://hl7.org/fhir/StructureDefinition/maxValue",
              "valueInteger": 200
            },
            {
              "url": "http://hl7.org/fhir/StructureDefinition/minValue",
              "valueInteger": 2
            },
            {
              "url": "http://hl7.org/fhir/StructureDefinition/minLength",
              "valueInteger": 1
            },
            {
              "url": "maxLength",
              "valueInteger": 22
            },
            {
              "url": "doNotShowNumValue",
              "valueBoolean": true
            },
            {
              "url": "showIncrements",
              "valueBoolean": true
            },
            {
              "url": "majorIncrements",
              "valueInteger": 5
            },
            {
              "url": "minorIncrements",
              "valueInteger": 1
            },
            {
              "url": "interactionType",
              "valueString": "Iinteraction Type"
            },
            {
              "url": "scaleSize",
              "valueInteger": 3
            },
            {
              "url": "optionalPresets",
              "valueBoolean": false
            }
          ],
          "url": "http://science37.com/StructureDefinition/item-settings"
        }
      ],
      "linkId": "isdfu9s0df8us8dfy",
      "definition": "https://science37.com/NG/widget/id/choice2212/version/2.3",
      "prefix": "FOID-090s88s",
      "text": "Describe your current mood.",
      "type": "text",
      "required": true
    }
  ]
}