<?xml version="1.0" encoding="UTF-8"?><Questionnaire xmlns="http://hl7.org/fhir"><id value="Questionnaire-Item-Extension-Example-FileUpload"/><meta><versionId value="1.0.0-S37"/><profile value="http://science37.com/StructureDefinition/questionnaire-s37"/></meta><text><status value="generated"/><div xmlns="http://www.w3.org/1999/xhtml"><table border="1" cellpadding="0" cellspacing="0" style="border: 1px #F0F0F0 solid; font-size: 11px; font-family: verdana; vertical-align: top;"><tr style="border: 2px #F0F0F0 solid; font-size: 11px; font-family: verdana; vertical-align: top"><th style="vertical-align: top; text-align : left; background-color: white; border: 1px #F0F0F0 solid; padding:0px 4px 0px 4px" class="hierarchy"><a href="http://hl7.org/fhir/R4/formats.html#table" title="The linkId for the item">LinkId</a></th><th style="vertical-align: top; text-align : left; background-color: white; border: 1px #F0F0F0 solid; padding:0px 4px 0px 4px" class="hierarchy"><a href="http://hl7.org/fhir/R4/formats.html#table" title="Text for the item">Text</a></th><th style="vertical-align: top; text-align : left; background-color: white; border: 1px #F0F0F0 solid; padding:0px 4px 0px 4px" class="hierarchy"><a href="http://hl7.org/fhir/R4/formats.html#table" title="Minimum and Maximum # of times the the itemcan appear in the instance">Cardinality</a></th><th style="vertical-align: top; text-align : left; background-color: white; border: 1px #F0F0F0 solid; padding:0px 4px 0px 4px" class="hierarchy"><a href="http://hl7.org/fhir/R4/formats.html#table" title="The type of the item">Type</a></th><th style="vertical-align: top; text-align : left; background-color: white; border: 1px #F0F0F0 solid; padding:0px 4px 0px 4px" class="hierarchy"><a href="http://hl7.org/fhir/R4/formats.html#table" title="Additional information about the item">Description &amp; Constraints</a><span style="float: right"><a href="http://hl7.org/fhir/R4/formats.html#table" title="Legend for this format"><img src="http://hl7.org/fhir/R4/help16.png" alt="doco" style="background-color: inherit"/></a></span></th></tr><tr style="border: 1px #F0F0F0 solid; padding:0px; vertical-align: top; background-color: white"><td style="vertical-align: top; text-align : left; background-color: white; border: 1px #F0F0F0 solid; padding:0px 4px 0px 4px; white-space: nowrap; background-image: url(tbl_bck1.png)" class="hierarchy"><img src="tbl_spacer.png" alt="." style="background-color: inherit" class="hierarchy"/><img src="icon_q_root.gif" alt="." style="background-color: white; background-color: inherit" title="QuestionnaireRoot" class="hierarchy"/> Example : Questionnaire.Item FileUpload</td><td style="vertical-align: top; text-align : left; background-color: white; border: 1px #F0F0F0 solid; padding:0px 4px 0px 4px" class="hierarchy"/><td style="vertical-align: top; text-align : left; background-color: white; border: 1px #F0F0F0 solid; padding:0px 4px 0px 4px" class="hierarchy"></td><td style="vertical-align: top; text-align : left; background-color: white; border: 1px #F0F0F0 solid; padding:0px 4px 0px 4px" class="hierarchy">Questionnaire</td><td style="vertical-align: top; text-align : left; background-color: white; border: 1px #F0F0F0 solid; padding:0px 4px 0px 4px" class="hierarchy">http://science37.com/Questionnaire/Questionnaire-Item-Extension-Example-FileUpload#1.0.0-S37</td></tr>
<tr style="border: 1px #F0F0F0 solid; padding:0px; vertical-align: top; background-color: #F7F7F7"><td id="item.__S37-form-fields-q6zbrgullmr" style="vertical-align: top; text-align : left; background-color: #F7F7F7; border: 1px #F0F0F0 solid; padding:0px 4px 0px 4px; white-space: nowrap; background-image: url(tbl_bck00.png)" class="hierarchy"><img src="tbl_spacer.png" alt="." style="background-color: inherit" class="hierarchy"/><img src="tbl_vjoin_end.png" alt="." style="background-color: inherit" class="hierarchy"/><img src="icon-q-attachment.png" alt="." style="background-color: #F7F7F7; background-color: inherit" title="Attachment" class="hierarchy"/> __S37-form-fields-q6zbrgullmr</td><td style="vertical-align: top; text-align : left; background-color: #F7F7F7; border: 1px #F0F0F0 solid; padding:0px 4px 0px 4px" class="hierarchy">Describe your current mood.</td><td style="vertical-align: top; text-align : left; background-color: #F7F7F7; border: 1px #F0F0F0 solid; padding:0px 4px 0px 4px" class="hierarchy">1..1</td><td style="vertical-align: top; text-align : left; background-color: #F7F7F7; border: 1px #F0F0F0 solid; padding:0px 4px 0px 4px" class="hierarchy"><a href="http://hl7.org/fhir/R4/codesystem-item-type.html#item-type-attachment">attachment</a></td><td style="vertical-align: top; text-align : left; background-color: #F7F7F7; border: 1px #F0F0F0 solid; padding:0px 4px 0px 4px" class="hierarchy">Definition: https://science37.com/NG/widget/id/text/version/2.3</td></tr>
<tr><td colspan="5" class="hierarchy"><br/><a href="http://hl7.org/fhir/R4/formats.html#table" title="Legend for this format"><img src="http://hl7.org/fhir/R4/help16.png" alt="doco" style="background-color: inherit"/> Documentation for this format</a></td></tr></table></div></text><extension url="http://science37.com/StructureDefinition/form-settings"><extension url="type"><valueString value="formType"/></extension><extension url="buildLanguage"><valueString value="US_English"/></extension><extension url="excludeFromDataExport"><valueBoolean value="true"/></extension><extension url="requireDataReview"><valueBoolean value="true"/></extension><extension url="requireEditReason"><valueBoolean value="true"/></extension><extension url="subStatus"><valueString value="Deleted Status"/></extension><extension url="controlSchemaVersion"><valueString value="2.1.9"/></extension><extension url="OID"><valueString value="FORM OID"/></extension><extension url="standardVariable"><valueString value="FORM Standard Variable"/></extension><extension url="title"><valueString value="Form Title"/></extension><extension url="label"><valueString value="Form Label"/></extension><extension url="createdAt"><valueDateTime value="2015-02-07T13:28:17Z"/></extension><extension url="updatedAt"><valueDateTime value="2022-01-01T10:08:10Z"/></extension></extension><url value="http://science37.com/Questionnaire/Questionnaire-Item-Extension-Example-FileUpload"/><identifier><value value="Form ID"/></identifier><version value="1.0.0-S37"/><name value="Example : Questionnaire.Item FileUpload"/><title value="Example : Questionnaire.Item FileUpload"/><status value="draft"/><subjectType value="Patient"/><date value="2022-04-14T15:41:09+00:00"/><publisher value="Science37"/><contact><name value="Science37"/><telecom><system value="url"/><value value="http://science37.com/publisher"/></telecom></contact><item><extension url="http://science37.com/StructureDefinition/item-settings"><extension url="subType"><valueString value="FileUpload"/></extension><extension url="version"><valueId value="1.0.1-ItemVersion"/></extension><extension url="OID"><valueString value="FILE_UPLOAD_OID"/></extension><extension url="title"><valueString value="FILE_UPLOAD_TITLE"/></extension><extension url="label"><valueString value="&lt;p style=&quot;text-align:left;&quot;&gt;&lt;strong&gt;FILE_UPLOAD_LABEL&lt;/strong&gt;&lt;/p&gt;"/></extension><extension url="variableName"><valueString value="Not Assigned by DD"/></extension><extension url="standardVariable"><valueString value="FILE_UPLOAD_STD_VAR"/></extension><extension url="fieldCode"><valueString value="Not Assigned by DD"/></extension><extension url="description"><valueString value="FILE_UPLOAD_DESC"/></extension></extension><linkId value="__S37-form-fields-q6zbrgullmr"/><definition value="https://science37.com/NG/widget/id/text/version/2.3"/><text value="Describe your current mood."/><type value="attachment"/><required value="true"/></item></Questionnaire>