<?xml version="1.0" encoding="UTF-8"?><PlanDefinition xmlns="http://hl7.org/fhir"><id value="PlanDefintion-VISITPLAN-Example"/><meta><profile value="http://science37.com/fhir/StructureDefinition/plan-definition-s37"/></meta><extension url="http://science37.com/fhir/StructureDefinition/parent-reference"><extension url="expected"><valueString value="54052f63-ccf7-43ea-89ec-a77cec8f80e8"/></extension></extension><extension url="http://science37.com/fhir/StructureDefinition/datetime"><extension url="created"><valueDateTime value="2020-10-07T04:52:47Z"/></extension><extension url="updated"><valueDateTime value="2020-10-07T04:52:47Z"/></extension></extension><extension url="http://science37.com/fhir/StructureDefinition/audit-trail-version"><valueString value="1.0.2"/></extension><extension url="http://science37.com/fhir/StructureDefinition/protocal-version"><valueString value="1.0.2"/></extension><extension url="http://science37.com/fhir/StructureDefinition/day-zero"><extension url="visit-oid"><valueString value="ELIG_V"/></extension><extension url="visit-id"><valueString value="e358d87d-d340-43eb-ae17-fabe787cq002"/></extension><extension url="visit-title"><valueString value="Eligibility Visit"/></extension><extension url="form-id"><valueString value="e358d87d-d340-43eb-ae17-fabe787cq002"/></extension><extension url="form-title"><valueString value="Form-a"/></extension><extension url="form-version"><valueString value="1.0"/></extension><extension url="form-day0-date-field-id"><valueString value="e358d87d-d340-43eb-ae17-fabe787cq009"/></extension><extension url="form-day0-date-field-name"><valueString value="day-0-date"/></extension></extension><url value="http://science37.com/fhir/PlanDefinition/PlanDefintion-VISITPLAN-Example"/><version value="1.0.0-S37"/><name value="VISIT_PLAN"/><status value="draft"/><date value="2022-04-19T16:57:06+00:00"/><publisher value="Science37"/><contact><name value="Science37"/><telecom><system value="url"/><value value="http://science37.com/publisher"/></telecom></contact><action><definitionUri value="VISIT/e358d87d-d340-43eb-ae17-fabe787ca001"/><action><definitionUri value="FORM_LIST/e358d87d-d340-43eb-ae17-fabe787ca001"/></action></action><action><definitionUri value="VISIT/e358d87d-d340-43eb-ae17-fabe787ca002"/><action><definitionUri value="FORM_LIST/e358d87d-d340-43eb-ae17-fabe737ca001"/></action></action><action><definitionUri value="VISIT/e358d87d-d340-43eb-ae17-fabe787ca003"/><action><definitionUri value="FORM_LIST/e358d87d-d340-43eb-ae17-fabe707ca001"/></action></action></PlanDefinition>