[
  {
    "id": "science27.FHIR-IG",
    "type": "ImplementationGuide",
    "url": "http://science37.com/ImplementationGuide/science27.FHIR-IG",
    "version": "1.0.0-S37",
    "name": "S37FHIRIG"
  },
  {
    "id": "Questionnaire-Extension-Example",
    "type": "Questionnaire",
    "url": "http://science37.com/Questionnaire/Questionnaire-Extension-Example",
    "version": "1.0.0-S37",
    "name": "Example : Questionnaire"
  },
  {
    "id": "Questionnaire-Item-Extension-Example-All-SingleItem",
    "type": "Questionnaire",
    "url": "http://science37.com/Questionnaire/Questionnaire-Item-Extension-Example-All-SingleItem",
    "version": "1.0.0-S37",
    "name": "Example : Questionnaire.Item"
  },
  {
    "id": "Questionnaire-Item-Extension-Example-DateTime",
    "type": "Questionnaire",
    "url": "http://science37.com/Questionnaire/Questionnaire-Item-Extension-Example-DateTime",
    "version": "1.0.0-S37",
    "name": "Example : Questionnaire.Item Image"
  },
  {
    "id": "Questionnaire-Item-Extension-Example-FileUpload",
    "type": "Questionnaire",
    "url": "http://science37.com/Questionnaire/Questionnaire-Item-Extension-Example-FileUpload",
    "version": "1.0.0-S37",
    "name": "Example : Questionnaire.Item FileUpload"
  },
  {
    "id": "Questionnaire-Item-Extension-Example-Image",
    "type": "Questionnaire",
    "url": "http://science37.com/Questionnaire/Questionnaire-Item-Extension-Example-Image",
    "version": "1.0.0-S37",
    "name": "Example : Questionnaire.Item Image"
  },
  {
    "id": "Questionnaire-Item-Extension-Example-Number-Decimal",
    "type": "Questionnaire",
    "url": "http://science37.com/Questionnaire/Questionnaire-Item-Extension-Example-Number-Decimal",
    "version": "1.0.0-S37",
    "name": "Example : Questionnaire.Item Number-Decimal"
  },
  {
    "id": "Questionnaire-Item-Extension-Example-Number-Integer",
    "type": "Questionnaire",
    "url": "http://science37.com/Questionnaire/Questionnaire-Item-Extension-Example-Number-Integer",
    "version": "1.0.0-S37",
    "name": "Example : Questionnaire.Item Number-Integer"
  },
  {
    "id": "Questionnaire-Item-Extension-Example-RatingScale",
    "type": "Questionnaire",
    "url": "http://science37.com/Questionnaire/Questionnaire-Item-Extension-Example-RatingScale",
    "version": "1.0.0-S37",
    "name": "Example : Questionnaire.Item RatingScale"
  },
  {
    "id": "Questionnaire-Item-Extension-Example-RichText",
    "type": "Questionnaire",
    "url": "http://science37.com/Questionnaire/Questionnaire-Item-Extension-Example-RichText",
    "version": "1.0.0-S37",
    "name": "Example : Questionnaire.Item RichText"
  },
  {
    "id": "Questionnaire-Item-Extension-Example-Text",
    "type": "Questionnaire",
    "url": "http://science37.com/Questionnaire/Questionnaire-Item-Extension-Example-Text",
    "version": "1.0.0-S37",
    "name": "Example : Questionnaire.Item Text"
  },
  {
    "id": "Questionnaire-Item-Extension-Example-TextArea",
    "type": "Questionnaire",
    "url": "http://science37.com/Questionnaire/Questionnaire-Item-Extension-Example-TextArea",
    "version": "1.0.0-S37",
    "name": "Example : Questionnaire.Item TextArea"
  },
  {
    "id": "form-settings",
    "type": "StructureDefinition",
    "url": "http://science37.com/StructureDefinition/form-settings",
    "version": "1.0.0-S37",
    "name": "FormSettings"
  },
  {
    "id": "item-settings",
    "type": "StructureDefinition",
    "url": "http://science37.com/StructureDefinition/item-settings",
    "version": "1.0.0-S37",
    "name": "ItemSettings"
  },
  {
    "id": "questionnaire-s37",
    "type": "StructureDefinition",
    "url": "http://science37.com/StructureDefinition/questionnaire-s37",
    "version": "1.0.0-S37",
    "name": "QuestionnaireS37"
  },
  {
    "id": "settings",
    "type": "StructureDefinition",
    "url": "http://science37.com/StructureDefinition/settings",
    "version": "1.0.0-S37",
    "name": "Settings"
  }
]