{"resourceType":"ImplementationGuide","id":"science27.FHIR-IG","text":{"status":"extensions","div":"<div xmlns=\"http://www.w3.org/1999/xhtml\"><h2>S37FHIRIG</h2><p>The official URL for this implementation guide is: </p><pre>http://science37.com/ImplementationGuide/science27.FHIR-IG</pre></div>"},"url":"http://science37.com/ImplementationGuide/science27.FHIR-IG","version":"1.0.0-S37","name":"S37FHIRIG","status":"active","date":"2022-04-19T16:43:07+00:00","publisher":"Science37","contact":[{"name":"Science37","telecom":[{"system":"url","value":"http://science37.com/publisher"}]}],"packageId":"science27.FHIR-IG","license":"CC0-1.0","fhirVersion":["4.0.1"],"definition":{"extension":[{"extension":[{"url":"code","valueString":"copyrightyear"},{"url":"value","valueString":"2022+"}],"url":"http://hl7.org/fhir/tools/StructureDefinition/ig-parameter"},{"extension":[{"url":"code","valueString":"releaselabel"},{"url":"value","valueString":"ci-build"}],"url":"http://hl7.org/fhir/tools/StructureDefinition/ig-parameter"},{"extension":[{"url":"code","valueString":"path-liquid"},{"url":"value","valueString":"template/liquid"}],"url":"http://hl7.org/fhir/tools/StructureDefinition/ig-parameter"},{"extension":[{"url":"code","valueString":"path-liquid"},{"url":"value","valueString":"input/liquid"}],"url":"http://hl7.org/fhir/tools/StructureDefinition/ig-parameter"},{"extension":[{"url":"code","valueString":"path-qa"},{"url":"value","valueString":"temp/qa"}],"url":"http://hl7.org/fhir/tools/StructureDefinition/ig-parameter"},{"extension":[{"url":"code","valueString":"path-temp"},{"url":"value","valueString":"temp/pages"}],"url":"http://hl7.org/fhir/tools/StructureDefinition/ig-parameter"},{"extension":[{"url":"code","valueString":"path-output"},{"url":"value","valueString":"output"}],"url":"http://hl7.org/fhir/tools/StructureDefinition/ig-parameter"},{"extension":[{"url":"code","valueString":"path-suppressed-warnings"},{"url":"value","valueString":"input/ignoreWarnings.txt"}],"url":"http://hl7.org/fhir/tools/StructureDefinition/ig-parameter"},{"extension":[{"url":"code","valueString":"path-history"},{"url":"value","valueString":"http://science37.com/history.html"}],"url":"http://hl7.org/fhir/tools/StructureDefinition/ig-parameter"},{"extension":[{"url":"code","valueString":"template-html"},{"url":"value","valueString":"template-page.html"}],"url":"http://hl7.org/fhir/tools/StructureDefinition/ig-parameter"},{"extension":[{"url":"code","valueString":"template-md"},{"url":"value","valueString":"template-page-md.html"}],"url":"http://hl7.org/fhir/tools/StructureDefinition/ig-parameter"},{"extension":[{"url":"code","valueString":"apply-contact"},{"url":"value","valueString":"true"}],"url":"http://hl7.org/fhir/tools/StructureDefinition/ig-parameter"},{"extension":[{"url":"code","valueString":"apply-context"},{"url":"value","valueString":"true"}],"url":"http://hl7.org/fhir/tools/StructureDefinition/ig-parameter"},{"extension":[{"url":"code","valueString":"apply-copyright"},{"url":"value","valueString":"true"}],"url":"http://hl7.org/fhir/tools/StructureDefinition/ig-parameter"},{"extension":[{"url":"code","valueString":"apply-jurisdiction"},{"url":"value","valueString":"true"}],"url":"http://hl7.org/fhir/tools/StructureDefinition/ig-parameter"},{"extension":[{"url":"code","valueString":"apply-license"},{"url":"value","valueString":"true"}],"url":"http://hl7.org/fhir/tools/StructureDefinition/ig-parameter"},{"extension":[{"url":"code","valueString":"apply-publisher"},{"url":"value","valueString":"true"}],"url":"http://hl7.org/fhir/tools/StructureDefinition/ig-parameter"},{"extension":[{"url":"code","valueString":"apply-version"},{"url":"value","valueString":"true"}],"url":"http://hl7.org/fhir/tools/StructureDefinition/ig-parameter"},{"extension":[{"url":"code","valueString":"active-tables"},{"url":"value","valueString":"true"}],"url":"http://hl7.org/fhir/tools/StructureDefinition/ig-parameter"},{"extension":[{"url":"code","valueString":"fmm-definition"},{"url":"value","valueString":"http://hl7.org/fhir/versions.html#maturity"}],"url":"http://hl7.org/fhir/tools/StructureDefinition/ig-parameter"},{"extension":[{"url":"code","valueString":"propagate-status"},{"url":"value","valueString":"true"}],"url":"http://hl7.org/fhir/tools/StructureDefinition/ig-parameter"},{"extension":[{"url":"code","valueString":"excludelogbinaryformat"},{"url":"value","valueString":"true"}],"url":"http://hl7.org/fhir/tools/StructureDefinition/ig-parameter"}],"grouping":[{"id":"-str-profile","name":"Structures: Resource Profiles","description":"These define constraints on FHIR resources for systems conforming to this implementation guide"},{"id":"-str-extension","name":"Structures: Extension Definitions","description":"These define constraints on FHIR data types for systems conforming to this implementation guide"},{"id":"-ex-example","name":"Example: Example Instances","description":"These are example instances that show what data produced and consumed by systems conforming with this implementation guide might look like"}],"resource":[{"extension":[{"url":"http://hl7.org/fhir/StructureDefinition/implementationguide-page","valueUri":"StructureDefinition-plan-definition-s37.html"}],"reference":{"reference":"StructureDefinition/plan-definition-s37"},"name":"Plan Definition S37","exampleBoolean":false,"groupingId":"-str-profile"},{"extension":[{"url":"http://hl7.org/fhir/StructureDefinition/implementationguide-page","valueUri":"StructureDefinition-questionnaire-s37.html"}],"reference":{"reference":"StructureDefinition/questionnaire-s37"},"name":"Profile : Questionnaire.item extensions","description":"Profile : Questionnaire.item extensions","exampleBoolean":false,"groupingId":"-str-profile"},{"extension":[{"url":"http://hl7.org/fhir/StructureDefinition/implementationguide-page","valueUri":"StructureDefinition-audit-trail-version.html"}],"reference":{"reference":"StructureDefinition/audit-trail-version"},"name":"Audit Trail Version","exampleBoolean":false,"groupingId":"-str-extension"},{"extension":[{"url":"http://hl7.org/fhir/StructureDefinition/implementationguide-page","valueUri":"StructureDefinition-datetime.html"}],"reference":{"reference":"StructureDefinition/datetime"},"name":"datetime","exampleBoolean":false,"groupingId":"-str-extension"},{"extension":[{"url":"http://hl7.org/fhir/StructureDefinition/implementationguide-page","valueUri":"StructureDefinition-datetime-item.html"}],"reference":{"reference":"StructureDefinition/datetime-item"},"name":"Extension : DateTimeItem Settings ","description":"Extension : Questionnaire.item.DateTimeItem ","exampleBoolean":false,"groupingId":"-str-extension"},{"extension":[{"url":"http://hl7.org/fhir/StructureDefinition/implementationguide-page","valueUri":"StructureDefinition-day-zero.html"}],"reference":{"reference":"StructureDefinition/day-zero"},"name":"Day Zero","exampleBoolean":false,"groupingId":"-str-extension"},{"extension":[{"url":"http://hl7.org/fhir/StructureDefinition/implementationguide-page","valueUri":"StructureDefinition-derived-item.html"}],"reference":{"reference":"StructureDefinition/derived-item"},"name":"Extension : DerivedItem Settings ","description":"Extension : Questionnaire.item.DerivedItem ","exampleBoolean":false,"groupingId":"-str-extension"},{"extension":[{"url":"http://hl7.org/fhir/StructureDefinition/implementationguide-page","valueUri":"StructureDefinition-display-order.html"}],"reference":{"reference":"StructureDefinition/display-order"},"name":"Display Order","exampleBoolean":false,"groupingId":"-str-extension"},{"extension":[{"url":"http://hl7.org/fhir/StructureDefinition/implementationguide-page","valueUri":"StructureDefinition-e-consent-form-group-id.html"}],"reference":{"reference":"StructureDefinition/e-consent-form-group-id"},"name":"E-Consent From Group Id","exampleBoolean":false,"groupingId":"-str-extension"},{"extension":[{"url":"http://hl7.org/fhir/StructureDefinition/implementationguide-page","valueUri":"StructureDefinition-force-form-order.html"}],"reference":{"reference":"StructureDefinition/force-form-order"},"name":"Force Form Order","exampleBoolean":false,"groupingId":"-str-extension"},{"extension":[{"url":"http://hl7.org/fhir/StructureDefinition/implementationguide-page","valueUri":"StructureDefinition-forced-form-oder.html"}],"reference":{"reference":"StructureDefinition/forced-form-oder"},"name":"Forced Form Oder","exampleBoolean":false,"groupingId":"-str-extension"},{"extension":[{"url":"http://hl7.org/fhir/StructureDefinition/implementationguide-page","valueUri":"StructureDefinition-form-settings.html"}],"reference":{"reference":"StructureDefinition/form-settings"},"name":"Extension : Form Settings ","description":"Extension : Questionnaire.settings ","exampleBoolean":false,"groupingId":"-str-extension"},{"extension":[{"url":"http://hl7.org/fhir/StructureDefinition/implementationguide-page","valueUri":"StructureDefinition-item-settings.html"}],"reference":{"reference":"StructureDefinition/item-settings"},"name":"Extension : Item Settings ","description":"Extension : Questionnaire.item.settings ","exampleBoolean":false,"groupingId":"-str-extension"},{"extension":[{"url":"http://hl7.org/fhir/StructureDefinition/implementationguide-page","valueUri":"StructureDefinition-observation-Extract.html"}],"reference":{"reference":"StructureDefinition/observation-Extract"},"name":"Extension : observationExtract","exampleBoolean":false,"groupingId":"-str-extension"},{"extension":[{"url":"http://hl7.org/fhir/StructureDefinition/implementationguide-page","valueUri":"StructureDefinition-parent-reference.html"}],"reference":{"reference":"StructureDefinition/parent-reference"},"name":"Parent Reference","exampleBoolean":false,"groupingId":"-str-extension"},{"extension":[{"url":"http://hl7.org/fhir/StructureDefinition/implementationguide-page","valueUri":"StructureDefinition-protocal-version.html"}],"reference":{"reference":"StructureDefinition/protocal-version"},"name":"Protocal Version","exampleBoolean":false,"groupingId":"-str-extension"},{"extension":[{"url":"http://hl7.org/fhir/StructureDefinition/implementationguide-page","valueUri":"StructureDefinition-settings.html"}],"reference":{"reference":"StructureDefinition/settings"},"name":"Extension : Common Settings ","description":"Extension : Common settings ","exampleBoolean":false,"groupingId":"-str-extension"},{"extension":[{"url":"http://hl7.org/fhir/StructureDefinition/implementationguide-page","valueUri":"StructureDefinition-sub-status.html"}],"reference":{"reference":"StructureDefinition/sub-status"},"name":"Sub Status","exampleBoolean":false,"groupingId":"-str-extension"},{"extension":[{"url":"http://hl7.org/fhir/StructureDefinition/implementationguide-page","valueUri":"StructureDefinition-vasScale-item.html"}],"reference":{"reference":"StructureDefinition/vasScale-item"},"name":"Extension : VASScaleItem Settings ","description":"Extension : Questionnaire.item.VASScaleItem ","exampleBoolean":false,"groupingId":"-str-extension"},{"extension":[{"url":"http://hl7.org/fhir/StructureDefinition/implementationguide-page","valueUri":"StructureDefinition-visit-type.html"}],"reference":{"reference":"StructureDefinition/visit-type"},"name":"Visit Type","exampleBoolean":false,"groupingId":"-str-extension"},{"extension":[{"url":"http://hl7.org/fhir/StructureDefinition/implementationguide-page","valueUri":"Questionnaire-Item-Extension-Example-All-48.html"}],"reference":{"reference":"Questionnaire/Item-Extension-Example-All-48"},"name":"Example : Questionnaire.Item-All-48","description":"Example : Questionnaire.Item-All-48","exampleCanonical":"http://science37.com/StructureDefinition/questionnaire-s37","groupingId":"-ex-example"},{"extension":[{"url":"http://hl7.org/fhir/StructureDefinition/implementationguide-page","valueUri":"PlanDefinition-PlanDefintion-EXPECTEDVISITPLAN-Example.html"}],"reference":{"reference":"PlanDefinition/PlanDefintion-EXPECTEDVISITPLAN-Example"},"name":"Plan Defintion Example","exampleCanonical":"http://science37.com/StructureDefinition/plan-definition-s37","groupingId":"-ex-example"},{"extension":[{"url":"http://hl7.org/fhir/StructureDefinition/implementationguide-page","valueUri":"PlanDefinition-PlanDefintion-MASTERVISITPLAN-Example.html"}],"reference":{"reference":"PlanDefinition/PlanDefintion-MASTERVISITPLAN-Example"},"name":"Plan Defintion Example","exampleCanonical":"http://science37.com/StructureDefinition/plan-definition-s37","groupingId":"-ex-example"},{"extension":[{"url":"http://hl7.org/fhir/StructureDefinition/implementationguide-page","valueUri":"PlanDefinition-PlanDefintion-VISITPLAN-Example.html"}],"reference":{"reference":"PlanDefinition/PlanDefintion-VISITPLAN-Example"},"name":"Plan Defintion Example","exampleCanonical":"http://science37.com/StructureDefinition/plan-definition-s37","groupingId":"-ex-example"},{"extension":[{"url":"http://hl7.org/fhir/StructureDefinition/implementationguide-page","valueUri":"Questionnaire-Questionnaire-Extension-Example.html"}],"reference":{"reference":"Questionnaire/Questionnaire-Extension-Example"},"name":"Example : Questionnaire","description":"Example : Questionnaire","exampleCanonical":"http://science37.com/StructureDefinition/questionnaire-s37","groupingId":"-ex-example"},{"extension":[{"url":"http://hl7.org/fhir/StructureDefinition/implementationguide-page","valueUri":"Questionnaire-Questionnaire-Item-Extension-Example-DateTime.html"}],"reference":{"reference":"Questionnaire/Questionnaire-Item-Extension-Example-DateTime"},"name":"Example : Questionnaire.Item-DateTime","description":"Example : Questionnaire.Item-DateTime","exampleCanonical":"http://science37.com/StructureDefinition/questionnaire-s37","groupingId":"-ex-example"},{"extension":[{"url":"http://hl7.org/fhir/StructureDefinition/implementationguide-page","valueUri":"Questionnaire-Questionnaire-Item-Extension-Example-FileUpload.html"}],"reference":{"reference":"Questionnaire/Questionnaire-Item-Extension-Example-FileUpload"},"name":"Example : Questionnaire.Item-FileUpload","description":"Example : Questionnaire.Item-FileUpload","exampleCanonical":"http://science37.com/StructureDefinition/questionnaire-s37","groupingId":"-ex-example"},{"extension":[{"url":"http://hl7.org/fhir/StructureDefinition/implementationguide-page","valueUri":"Questionnaire-Questionnaire-Item-Extension-Example-Footer.html"}],"reference":{"reference":"Questionnaire/Questionnaire-Item-Extension-Example-Footer"},"name":"Example : Questionnaire.Item-Footer","description":"Example : Questionnaire.Item-Footer","exampleCanonical":"http://science37.com/StructureDefinition/questionnaire-s37","groupingId":"-ex-example"},{"extension":[{"url":"http://hl7.org/fhir/StructureDefinition/implementationguide-page","valueUri":"Questionnaire-Questionnaire-Item-Extension-Example-Header.html"}],"reference":{"reference":"Questionnaire/Questionnaire-Item-Extension-Example-Header"},"name":"Example : Questionnaire.Item-Header","description":"Example : Questionnaire.Item-Header","exampleCanonical":"http://science37.com/StructureDefinition/questionnaire-s37","groupingId":"-ex-example"},{"extension":[{"url":"http://hl7.org/fhir/StructureDefinition/implementationguide-page","valueUri":"Questionnaire-Questionnaire-Item-Extension-Example-Image.html"}],"reference":{"reference":"Questionnaire/Questionnaire-Item-Extension-Example-Image"},"name":"Example : Questionnaire.Item-Image","description":"Example : Questionnaire.Item-Image","exampleCanonical":"http://science37.com/StructureDefinition/questionnaire-s37","groupingId":"-ex-example"},{"extension":[{"url":"http://hl7.org/fhir/StructureDefinition/implementationguide-page","valueUri":"Questionnaire-Questionnaire-Item-Extension-Example-MultiSelect.html"}],"reference":{"reference":"Questionnaire/Questionnaire-Item-Extension-Example-MultiSelect"},"name":"Example : Questionnaire.Item-MultiMultiSelect","description":"Example : Questionnaire.Item-MultiSelect","exampleCanonical":"http://science37.com/StructureDefinition/questionnaire-s37","groupingId":"-ex-example"},{"extension":[{"url":"http://hl7.org/fhir/StructureDefinition/implementationguide-page","valueUri":"Questionnaire-Questionnaire-Item-Extension-Example-Number-Decimal.html"}],"reference":{"reference":"Questionnaire/Questionnaire-Item-Extension-Example-Number-Decimal"},"name":"Example : Questionnaire.Item-Number-Decimal","description":"Example : Questionnaire.Item-Number-Decimal","exampleCanonical":"http://science37.com/StructureDefinition/questionnaire-s37","groupingId":"-ex-example"},{"extension":[{"url":"http://hl7.org/fhir/StructureDefinition/implementationguide-page","valueUri":"Questionnaire-Questionnaire-Item-Extension-Example-Number-Integer.html"}],"reference":{"reference":"Questionnaire/Questionnaire-Item-Extension-Example-Number-Integer"},"name":"Example : Questionnaire.Item-Number-Integer","description":"Example : Questionnaire.Item-Number-Integer","exampleCanonical":"http://science37.com/StructureDefinition/questionnaire-s37","groupingId":"-ex-example"},{"extension":[{"url":"http://hl7.org/fhir/StructureDefinition/implementationguide-page","valueUri":"Questionnaire-Questionnaire-Item-Extension-Example-RatingScale.html"}],"reference":{"reference":"Questionnaire/Questionnaire-Item-Extension-Example-RatingScale"},"name":"Example : Questionnaire.Item-All-RatingScale","description":"Example : Questionnaire.Item-All-RatingScale","exampleCanonical":"http://science37.com/StructureDefinition/questionnaire-s37","groupingId":"-ex-example"},{"extension":[{"url":"http://hl7.org/fhir/StructureDefinition/implementationguide-page","valueUri":"Questionnaire-Questionnaire-Item-Extension-Example-RichText.html"}],"reference":{"reference":"Questionnaire/Questionnaire-Item-Extension-Example-RichText"},"name":"Example : Questionnaire.Item-RichText","description":"Example : Questionnaire.Item-RichText","exampleCanonical":"http://science37.com/StructureDefinition/questionnaire-s37","groupingId":"-ex-example"},{"extension":[{"url":"http://hl7.org/fhir/StructureDefinition/implementationguide-page","valueUri":"Questionnaire-Questionnaire-Item-Extension-Example-Select.html"}],"reference":{"reference":"Questionnaire/Questionnaire-Item-Extension-Example-Select"},"name":"Example : Questionnaire.Item-Select","description":"Example : Questionnaire.Item-Select","exampleCanonical":"http://science37.com/StructureDefinition/questionnaire-s37","groupingId":"-ex-example"},{"extension":[{"url":"http://hl7.org/fhir/StructureDefinition/implementationguide-page","valueUri":"Questionnaire-Questionnaire-Item-Extension-Example-Text.html"}],"reference":{"reference":"Questionnaire/Questionnaire-Item-Extension-Example-Text"},"name":"Example : Questionnaire.Item-Text","description":"Example : Questionnaire.Item-Text","exampleCanonical":"http://science37.com/StructureDefinition/questionnaire-s37","groupingId":"-ex-example"},{"extension":[{"url":"http://hl7.org/fhir/StructureDefinition/implementationguide-page","valueUri":"Questionnaire-Questionnaire-Item-Extension-Example-TextArea.html"}],"reference":{"reference":"Questionnaire/Questionnaire-Item-Extension-Example-TextArea"},"name":"Example : Questionnaire.Item-All-TextArea","description":"Example : Questionnaire.Item-All-TextArea","exampleCanonical":"http://science37.com/StructureDefinition/questionnaire-s37","groupingId":"-ex-example"},{"extension":[{"url":"http://hl7.org/fhir/StructureDefinition/implementationguide-page","valueUri":"Questionnaire-Questionnaire-Item-Extension-Example-VASScale.html"}],"reference":{"reference":"Questionnaire/Questionnaire-Item-Extension-Example-VASScale"},"name":"Example : Questionnaire.Item-VASScale","description":"Example : Questionnaire.Item-VASScale","exampleCanonical":"http://science37.com/StructureDefinition/questionnaire-s37","groupingId":"-ex-example"},{"extension":[{"url":"http://hl7.org/fhir/StructureDefinition/implementationguide-page","valueUri":"Questionnaire-Questionnaire-Item-Extension-Example-derived.html"}],"reference":{"reference":"Questionnaire/Questionnaire-Item-Extension-Example-derived"},"name":"Example : Questionnaire.Item-derived","description":"Example : Questionnaire.Item-derived","exampleCanonical":"http://science37.com/StructureDefinition/questionnaire-s37","groupingId":"-ex-example"},{"extension":[{"url":"http://hl7.org/fhir/StructureDefinition/implementationguide-page","valueUri":"Questionnaire-Questionnaire-Item-Extension-Example-page-break.html"}],"reference":{"reference":"Questionnaire/Questionnaire-Item-Extension-Example-page-break"},"name":"Example : Questionnaire.Item-page-break","description":"Example : Questionnaire.Item-page-break","exampleCanonical":"http://science37.com/StructureDefinition/questionnaire-s37","groupingId":"-ex-example"}],"page":{"nameUrl":"toc.html","title":"Table of Contents","generation":"html","page":[{"nameUrl":"index.html","title":"Home","generation":"markdown"},{"nameUrl":"artifacts.html","title":"Artifacts Summary","generation":"html","page":[{"nameUrl":"StructureDefinition-plan-definition-s37.html","title":"Plan Definition S37","generation":"generated"},{"nameUrl":"StructureDefinition-questionnaire-s37.html","title":"Profile : Questionnaire.item extensions","generation":"generated"},{"nameUrl":"StructureDefinition-audit-trail-version.html","title":"Audit Trail Version","generation":"generated"},{"nameUrl":"StructureDefinition-datetime.html","title":"datetime","generation":"generated"},{"nameUrl":"StructureDefinition-datetime-item.html","title":"Extension : DateTimeItem Settings ","generation":"generated"},{"nameUrl":"StructureDefinition-day-zero.html","title":"Day Zero","generation":"generated"},{"nameUrl":"StructureDefinition-derived-item.html","title":"Extension : DerivedItem Settings ","generation":"generated"},{"nameUrl":"StructureDefinition-display-order.html","title":"Display Order","generation":"generated"},{"nameUrl":"StructureDefinition-e-consent-form-group-id.html","title":"E-Consent From Group Id","generation":"generated"},{"nameUrl":"StructureDefinition-force-form-order.html","title":"Force Form Order","generation":"generated"},{"nameUrl":"StructureDefinition-forced-form-oder.html","title":"Forced Form Oder","generation":"generated"},{"nameUrl":"StructureDefinition-form-settings.html","title":"Extension : Form Settings ","generation":"generated"},{"nameUrl":"StructureDefinition-item-settings.html","title":"Extension : Item Settings ","generation":"generated"},{"nameUrl":"StructureDefinition-observation-Extract.html","title":"Extension : observationExtract","generation":"generated"},{"nameUrl":"StructureDefinition-parent-reference.html","title":"Parent Reference","generation":"generated"},{"nameUrl":"StructureDefinition-protocal-version.html","title":"Protocal Version","generation":"generated"},{"nameUrl":"StructureDefinition-settings.html","title":"Extension : Common Settings ","generation":"generated"},{"nameUrl":"StructureDefinition-sub-status.html","title":"Sub Status","generation":"generated"},{"nameUrl":"StructureDefinition-vasScale-item.html","title":"Extension : VASScaleItem Settings ","generation":"generated"},{"nameUrl":"StructureDefinition-visit-type.html","title":"Visit Type","generation":"generated"},{"nameUrl":"Questionnaire-Item-Extension-Example-All-48.html","title":"Example : Questionnaire.Item-All-48","generation":"generated"},{"nameUrl":"PlanDefinition-PlanDefintion-EXPECTEDVISITPLAN-Example.html","title":"Plan Defintion Example","generation":"generated"},{"nameUrl":"PlanDefinition-PlanDefintion-MASTERVISITPLAN-Example.html","title":"Plan Defintion Example","generation":"generated"},{"nameUrl":"PlanDefinition-PlanDefintion-VISITPLAN-Example.html","title":"Plan Defintion Example","generation":"generated"},{"nameUrl":"Questionnaire-Questionnaire-Extension-Example.html","title":"Example : Questionnaire","generation":"generated"},{"nameUrl":"Questionnaire-Questionnaire-Item-Extension-Example-DateTime.html","title":"Example : Questionnaire.Item-DateTime","generation":"generated"},{"nameUrl":"Questionnaire-Questionnaire-Item-Extension-Example-FileUpload.html","title":"Example : Questionnaire.Item-FileUpload","generation":"generated"},{"nameUrl":"Questionnaire-Questionnaire-Item-Extension-Example-Footer.html","title":"Example : Questionnaire.Item-Footer","generation":"generated"},{"nameUrl":"Questionnaire-Questionnaire-Item-Extension-Example-Header.html","title":"Example : Questionnaire.Item-Header","generation":"generated"},{"nameUrl":"Questionnaire-Questionnaire-Item-Extension-Example-Image.html","title":"Example : Questionnaire.Item-Image","generation":"generated"},{"nameUrl":"Questionnaire-Questionnaire-Item-Extension-Example-MultiSelect.html","title":"Example : Questionnaire.Item-MultiMultiSelect","generation":"generated"},{"nameUrl":"Questionnaire-Questionnaire-Item-Extension-Example-Number-Decimal.html","title":"Example : Questionnaire.Item-Number-Decimal","generation":"generated"},{"nameUrl":"Questionnaire-Questionnaire-Item-Extension-Example-Number-Integer.html","title":"Example : Questionnaire.Item-Number-Integer","generation":"generated"},{"nameUrl":"Questionnaire-Questionnaire-Item-Extension-Example-RatingScale.html","title":"Example : Questionnaire.Item-All-RatingScale","generation":"generated"},{"nameUrl":"Questionnaire-Questionnaire-Item-Extension-Example-RichText.html","title":"Example : Questionnaire.Item-RichText","generation":"generated"},{"nameUrl":"Questionnaire-Questionnaire-Item-Extension-Example-Select.html","title":"Example : Questionnaire.Item-Select","generation":"generated"},{"nameUrl":"Questionnaire-Questionnaire-Item-Extension-Example-Text.html","title":"Example : Questionnaire.Item-Text","generation":"generated"},{"nameUrl":"Questionnaire-Questionnaire-Item-Extension-Example-TextArea.html","title":"Example : Questionnaire.Item-All-TextArea","generation":"generated"},{"nameUrl":"Questionnaire-Questionnaire-Item-Extension-Example-VASScale.html","title":"Example : Questionnaire.Item-VASScale","generation":"generated"},{"nameUrl":"Questionnaire-Questionnaire-Item-Extension-Example-derived.html","title":"Example : Questionnaire.Item-derived","generation":"generated"},{"nameUrl":"Questionnaire-Questionnaire-Item-Extension-Example-page-break.html","title":"Example : Questionnaire.Item-page-break","generation":"generated"}]}]},"parameter":[{"code":"path-resource","value":"input/capabilities"},{"code":"path-resource","value":"input/examples"},{"code":"path-resource","value":"input/extensions"},{"code":"path-resource","value":"input/models"},{"code":"path-resource","value":"input/operations"},{"code":"path-resource","value":"input/profiles"},{"code":"path-resource","value":"input/resources"},{"code":"path-resource","value":"input/vocabulary"},{"code":"path-resource","value":"input/maps"},{"code":"path-resource","value":"input/testing"},{"code":"path-resource","value":"input/history"},{"code":"path-resource","value":"fsh-generated/resources"},{"code":"path-pages","value":"template/config"},{"code":"path-pages","value":"input/images"},{"code":"path-tx-cache","value":"input-cache/txcache"}]}}