{"resourceType":"PlanDefinition","id":"PlanDefintion-EXPECTEDVISITPLAN-Example","meta":{"profile":["http://science37.com/StructureDefinition/plan-definition-s37"]},"extension":[{"extension":[{"url":"expected","valueString":"54052f63-ccf7-43ea-89ec-a77cec8f80e8"},{"url":"visit","valueString":"54052f63-ccf7-43ea-89ec-a77cec8f80e8"}],"url":"http://science37.com/StructureDefinition/parent-reference"},{"extension":[{"url":"created","valueDateTime":"2020-10-07T04:52:47Z"},{"url":"updated","valueDateTime":"2020-10-07T04:52:47Z"}],"url":"http://science37.com/StructureDefinition/datetime"},{"url":"http://science37.com/StructureDefinition/audit-trail-version","valueString":"1.0.2"},{"url":"http://science37.com/StructureDefinition/protocal-version","valueString":"1.0.2"},{"extension":[{"url":"visit-oid","valueString":"ELIG_V"},{"url":"visit-id","valueString":"e358d87d-d340-43eb-ae17-fabe787cq002"},{"url":"visit-title","valueString":"Eligibility Visit"},{"url":"form-id","valueString":"e358d87d-d340-43eb-ae17-fabe787cq002"},{"url":"form-title","valueString":"Form-a"},{"url":"form-version","valueString":"1.0"},{"url":"form-day0-date-field-id","valueString":"e358d87d-d340-43eb-ae17-fabe787cq009"},{"url":"form-day0-date-field-name","valueString":"day-0-date"}],"url":"http://science37.com/StructureDefinition/day-zero"}],"url":"http://science37.com/PlanDefinition/PlanDefintion-EXPECTEDVISITPLAN-Example","version":"1.0.0-S37","name":"EXPECTED_VISIT_PLAN","status":"draft","date":"2022-04-19T16:43:07+00:00","publisher":"Science37","contact":[{"name":"Science37","telecom":[{"system":"url","value":"http://science37.com/publisher"}]}],"action":[{"definitionUri":"EXPECTED_VISIT_PLAN/e358d87d-d340-43eb-ae17-fabe787cf001"},{"definitionUri":"ALTERNATIVE_VISIT_PLAN/e358d87d-d340-43eb-ae17-fabe787cf002"},{"definitionUri":"UNSCHEDULED_VISIT/e358d87d-d340-43eb-ae17-fabe787cf004"},{"definitionUri":"RECURRING_FORMS_LIST/f358d87d-d340-43eb-ae17-fabe787cf001"},{"definitionUri":"ADHOC_FORMS_LIST/f358d87d-d340-43eb-ae17-fabe787cf001"},{"definitionUri":"ONGOING_FORMS_LIST/f358d87d-d340-43eb-ae17-fabe787cf001"}]}