{"resourceType":"PlanDefinition","id":"PlanDefintion-VISITPLAN-Example","meta":{"profile":["http://science37.com/fhir/StructureDefinition/plan-definition-s37"]},"extension":[{"extension":[{"url":"expected","valueString":"54052f63-ccf7-43ea-89ec-a77cec8f80e8"}],"url":"http://science37.com/fhir/StructureDefinition/parent-reference"},{"extension":[{"url":"created","valueDateTime":"2020-10-07T04:52:47Z"},{"url":"updated","valueDateTime":"2020-10-07T04:52:47Z"}],"url":"http://science37.com/fhir/StructureDefinition/datetime"},{"url":"http://science37.com/fhir/StructureDefinition/audit-trail-version","valueString":"1.0.2"},{"url":"http://science37.com/fhir/StructureDefinition/protocal-version","valueString":"1.0.2"},{"extension":[{"url":"visit-oid","valueString":"ELIG_V"},{"url":"visit-id","valueString":"e358d87d-d340-43eb-ae17-fabe787cq002"},{"url":"visit-title","valueString":"Eligibility Visit"},{"url":"form-id","valueString":"e358d87d-d340-43eb-ae17-fabe787cq002"},{"url":"form-title","valueString":"Form-a"},{"url":"form-version","valueString":"1.0"},{"url":"form-day0-date-field-id","valueString":"e358d87d-d340-43eb-ae17-fabe787cq009"},{"url":"form-day0-date-field-name","valueString":"day-0-date"}],"url":"http://science37.com/fhir/StructureDefinition/day-zero"}],"url":"http://science37.com/fhir/PlanDefinition/PlanDefintion-VISITPLAN-Example","version":"1.0.0-S37","name":"VISIT_PLAN","status":"draft","date":"2022-04-19T16:57:06+00:00","publisher":"Science37","contact":[{"name":"Science37","telecom":[{"system":"url","value":"http://science37.com/publisher"}]}],"action":[{"definitionUri":"VISIT/e358d87d-d340-43eb-ae17-fabe787ca001","action":[{"definitionUri":"FORM_LIST/e358d87d-d340-43eb-ae17-fabe787ca001"}]},{"definitionUri":"VISIT/e358d87d-d340-43eb-ae17-fabe787ca002","action":[{"definitionUri":"FORM_LIST/e358d87d-d340-43eb-ae17-fabe737ca001"}]},{"definitionUri":"VISIT/e358d87d-d340-43eb-ae17-fabe787ca003","action":[{"definitionUri":"FORM_LIST/e358d87d-d340-43eb-ae17-fabe707ca001"}]}]}