{"resourceType":"Questionnaire","id":"Questionnaire-Item-Extension-Example-All-SingleItem","meta":{"versionId":"1.0.0-S37","profile":["http://science37.com/StructureDefinition/questionnaire-s37"]},"text":{"status":"generated","div":"<div xmlns=\"http://www.w3.org/1999/xhtml\"><table border=\"1\" cellpadding=\"0\" cellspacing=\"0\" style=\"border: 1px #F0F0F0 solid; font-size: 11px; font-family: verdana; vertical-align: top;\"><tr style=\"border: 2px #F0F0F0 solid; font-size: 11px; font-family: verdana; vertical-align: top\"><th style=\"vertical-align: top; text-align : left; background-color: white; border: 1px #F0F0F0 solid; padding:0px 4px 0px 4px\" class=\"hierarchy\"><a href=\"http://hl7.org/fhir/R4/formats.html#table\" title=\"The linkId for the item\">LinkId</a></th><th style=\"vertical-align: top; text-align : left; background-color: white; border: 1px #F0F0F0 solid; padding:0px 4px 0px 4px\" class=\"hierarchy\"><a href=\"http://hl7.org/fhir/R4/formats.html#table\" title=\"Text for the item\">Text</a></th><th style=\"vertical-align: top; text-align : left; background-color: white; border: 1px #F0F0F0 solid; padding:0px 4px 0px 4px\" class=\"hierarchy\"><a href=\"http://hl7.org/fhir/R4/formats.html#table\" title=\"Minimum and Maximum # of times the the itemcan appear in the instance\">Cardinality</a></th><th style=\"vertical-align: top; text-align : left; background-color: white; border: 1px #F0F0F0 solid; padding:0px 4px 0px 4px\" class=\"hierarchy\"><a href=\"http://hl7.org/fhir/R4/formats.html#table\" title=\"The type of the item\">Type</a></th><th style=\"vertical-align: top; text-align : left; background-color: white; border: 1px #F0F0F0 solid; padding:0px 4px 0px 4px\" class=\"hierarchy\"><a href=\"http://hl7.org/fhir/R4/formats.html#table\" title=\"Additional information about the item\">Description &amp; Constraints</a><span style=\"float: right\"><a href=\"http://hl7.org/fhir/R4/formats.html#table\" title=\"Legend for this format\"><img src=\"http://hl7.org/fhir/R4/help16.png\" alt=\"doco\" style=\"background-color: inherit\"/></a></span></th></tr><tr style=\"border: 1px #F0F0F0 solid; padding:0px; vertical-align: top; background-color: white\"><td style=\"vertical-align: top; text-align : left; background-color: white; border: 1px #F0F0F0 solid; padding:0px 4px 0px 4px; white-space: nowrap; background-image: url(tbl_bck1.png)\" class=\"hierarchy\"><img src=\"tbl_spacer.png\" alt=\".\" style=\"background-color: inherit\" class=\"hierarchy\"/><img src=\"icon_q_root.gif\" alt=\".\" style=\"background-color: white; background-color: inherit\" title=\"QuestionnaireRoot\" class=\"hierarchy\"/> Example : Questionnaire.Item</td><td style=\"vertical-align: top; text-align : left; background-color: white; border: 1px #F0F0F0 solid; padding:0px 4px 0px 4px\" class=\"hierarchy\"/><td style=\"vertical-align: top; text-align : left; background-color: white; border: 1px #F0F0F0 solid; padding:0px 4px 0px 4px\" class=\"hierarchy\"></td><td style=\"vertical-align: top; text-align : left; background-color: white; border: 1px #F0F0F0 solid; padding:0px 4px 0px 4px\" class=\"hierarchy\">Questionnaire</td><td style=\"vertical-align: top; text-align : left; background-color: white; border: 1px #F0F0F0 solid; padding:0px 4px 0px 4px\" class=\"hierarchy\">http://science37.com/Questionnaire/Questionnaire-Item-Extension-Example-All-SingleItem#1.0.0-S37</td></tr>\r\n<tr style=\"border: 1px #F0F0F0 solid; padding:0px; vertical-align: top; background-color: #F7F7F7\"><td style=\"vertical-align: top; text-align : left; background-color: #F7F7F7; border: 1px #F0F0F0 solid; padding:0px 4px 0px 4px; white-space: nowrap; background-image: url(tbl_bck11.png)\" id=\"item.__S37-form-fields-qo3cyvy8fgh\" class=\"hierarchy\"><img src=\"tbl_spacer.png\" alt=\".\" style=\"background-color: inherit\" class=\"hierarchy\"/><img src=\"tbl_vjoin.png\" alt=\".\" style=\"background-color: inherit\" class=\"hierarchy\"/><img src=\"icon-q-datetime.png\" alt=\".\" style=\"background-color: #F7F7F7; background-color: inherit\" title=\"Date Time\" class=\"hierarchy\"/> __S37-form-fields-qo3cyvy8fgh</td><td style=\"vertical-align: top; text-align : left; background-color: #F7F7F7; border: 1px #F0F0F0 solid; padding:0px 4px 0px 4px\" class=\"hierarchy\">&lt;p style=&quot;text-align:left;&quot;&gt;&lt;strong&gt;DATE_TIME_LABEL&lt;/strong&gt;&lt;/p&gt;</td><td style=\"vertical-align: top; text-align : left; background-color: #F7F7F7; border: 1px #F0F0F0 solid; padding:0px 4px 0px 4px\" class=\"hierarchy\">1..1</td><td style=\"vertical-align: top; text-align : left; background-color: #F7F7F7; border: 1px #F0F0F0 solid; padding:0px 4px 0px 4px\" class=\"hierarchy\"><a href=\"http://hl7.org/fhir/R4/codesystem-item-type.html#item-type-dateTime\">dateTime</a></td><td style=\"vertical-align: top; text-align : left; background-color: #F7F7F7; border: 1px #F0F0F0 solid; padding:0px 4px 0px 4px\" class=\"hierarchy\">Max Length: 22<br/>Definition: https://science37.com/NG/widget/id/text/version/2.3<br/>Initial Value: string =  Replacement for defaultPlaceholder</td></tr>\r\n<tr style=\"border: 1px #F0F0F0 solid; padding:0px; vertical-align: top; background-color: white\"><td style=\"vertical-align: top; text-align : left; background-color: white; border: 1px #F0F0F0 solid; padding:0px 4px 0px 4px; white-space: nowrap; background-image: url(tbl_bck100.png)\" id=\"item.__S37-form-fields-1nhurf7a3d8\" class=\"hierarchy\"><img src=\"tbl_spacer.png\" alt=\".\" style=\"background-color: inherit\" class=\"hierarchy\"/><img src=\"tbl_vline.png\" alt=\".\" style=\"background-color: inherit\" class=\"hierarchy\"/><img src=\"tbl_vjoin_end.png\" alt=\".\" style=\"background-color: inherit\" class=\"hierarchy\"/><img src=\"icon-q-text.png\" alt=\".\" style=\"background-color: white; background-color: inherit\" title=\"Text\" class=\"hierarchy\"/> __S37-form-fields-1nhurf7a3d8</td><td style=\"vertical-align: top; text-align : left; background-color: white; border: 1px #F0F0F0 solid; padding:0px 4px 0px 4px\" class=\"hierarchy\">&lt;p style=&quot;text-align:left;&quot;&gt;&lt;strong&gt;TEXT_AREA_LABEL&lt;/strong&gt;&lt;/p&gt;</td><td style=\"vertical-align: top; text-align : left; background-color: white; border: 1px #F0F0F0 solid; padding:0px 4px 0px 4px\" class=\"hierarchy\">1..1</td><td style=\"vertical-align: top; text-align : left; background-color: white; border: 1px #F0F0F0 solid; padding:0px 4px 0px 4px\" class=\"hierarchy\"><a href=\"http://hl7.org/fhir/R4/codesystem-item-type.html#item-type-text\">text</a></td><td style=\"vertical-align: top; text-align : left; background-color: white; border: 1px #F0F0F0 solid; padding:0px 4px 0px 4px\" class=\"hierarchy\">Definition: https://science37.com/NG/widget/id/richText/version/2.3</td></tr>\r\n<tr style=\"border: 1px #F0F0F0 solid; padding:0px; vertical-align: top; background-color: #F7F7F7\"><td style=\"vertical-align: top; text-align : left; background-color: #F7F7F7; border: 1px #F0F0F0 solid; padding:0px 4px 0px 4px; white-space: nowrap; background-image: url(tbl_bck10.png)\" id=\"item.__S37-form-fields-q6zbrgullmr\" class=\"hierarchy\"><img src=\"tbl_spacer.png\" alt=\".\" style=\"background-color: inherit\" class=\"hierarchy\"/><img src=\"tbl_vjoin.png\" alt=\".\" style=\"background-color: inherit\" class=\"hierarchy\"/><img src=\"icon-q-attachment.png\" alt=\".\" style=\"background-color: #F7F7F7; background-color: inherit\" title=\"Attachment\" class=\"hierarchy\"/> __S37-form-fields-q6zbrgullmr</td><td style=\"vertical-align: top; text-align : left; background-color: #F7F7F7; border: 1px #F0F0F0 solid; padding:0px 4px 0px 4px\" class=\"hierarchy\">&lt;p style=&quot;text-align:left;&quot;&gt;&lt;strong&gt;FILE_UPLOAD_LABEL&lt;/strong&gt;&lt;/p&gt;</td><td style=\"vertical-align: top; text-align : left; background-color: #F7F7F7; border: 1px #F0F0F0 solid; padding:0px 4px 0px 4px\" class=\"hierarchy\">1..1</td><td style=\"vertical-align: top; text-align : left; background-color: #F7F7F7; border: 1px #F0F0F0 solid; padding:0px 4px 0px 4px\" class=\"hierarchy\"><a href=\"http://hl7.org/fhir/R4/codesystem-item-type.html#item-type-attachment\">attachment</a></td><td style=\"vertical-align: top; text-align : left; background-color: #F7F7F7; border: 1px #F0F0F0 solid; padding:0px 4px 0px 4px\" class=\"hierarchy\">Definition: https://science37.com/NG/widget/id/text/version/2.3</td></tr>\r\n<tr style=\"border: 1px #F0F0F0 solid; padding:0px; vertical-align: top; background-color: white\"><td style=\"vertical-align: top; text-align : left; background-color: white; border: 1px #F0F0F0 solid; padding:0px 4px 0px 4px; white-space: nowrap; background-image: url(tbl_bck10.png)\" id=\"item.isdfu9s0df8us8dfy\" class=\"hierarchy\"><img src=\"tbl_spacer.png\" alt=\".\" style=\"background-color: inherit\" class=\"hierarchy\"/><img src=\"tbl_vjoin.png\" alt=\".\" style=\"background-color: inherit\" class=\"hierarchy\"/><img src=\"icon-q-attachment.png\" alt=\".\" style=\"background-color: white; background-color: inherit\" title=\"Attachment\" class=\"hierarchy\"/> isdfu9s0df8us8dfy</td><td style=\"vertical-align: top; text-align : left; background-color: white; border: 1px #F0F0F0 solid; padding:0px 4px 0px 4px\" class=\"hierarchy\">Item Text Value</td><td style=\"vertical-align: top; text-align : left; background-color: white; border: 1px #F0F0F0 solid; padding:0px 4px 0px 4px\" class=\"hierarchy\">1..1</td><td style=\"vertical-align: top; text-align : left; background-color: white; border: 1px #F0F0F0 solid; padding:0px 4px 0px 4px\" class=\"hierarchy\"><a href=\"http://hl7.org/fhir/R4/codesystem-item-type.html#item-type-attachment\">attachment</a></td><td style=\"vertical-align: top; text-align : left; background-color: white; border: 1px #F0F0F0 solid; padding:0px 4px 0px 4px\" class=\"hierarchy\">Max Length: 22<br/>Definition: https://science37.com/NG/widget/id/text/version/2.3<br/>Initial Value: string =  Replacement for defaultPlaceholder</td></tr>\r\n<tr style=\"border: 1px #F0F0F0 solid; padding:0px; vertical-align: top; background-color: #F7F7F7\"><td style=\"vertical-align: top; text-align : left; background-color: #F7F7F7; border: 1px #F0F0F0 solid; padding:0px 4px 0px 4px; white-space: nowrap; background-image: url(tbl_bck10.png)\" id=\"item.__S37-form-fields-jntlfakzc05\" class=\"hierarchy\"><img src=\"tbl_spacer.png\" alt=\".\" style=\"background-color: inherit\" class=\"hierarchy\"/><img src=\"tbl_vjoin.png\" alt=\".\" style=\"background-color: inherit\" class=\"hierarchy\"/><img src=\"icon-q-decimal.png\" alt=\".\" style=\"background-color: #F7F7F7; background-color: inherit\" title=\"Decimal\" class=\"hierarchy\"/> __S37-form-fields-jntlfakzc05</td><td style=\"vertical-align: top; text-align : left; background-color: #F7F7F7; border: 1px #F0F0F0 solid; padding:0px 4px 0px 4px\" class=\"hierarchy\">&lt;p style=&quot;text-align:left;&quot;&gt;&lt;strong&gt;NUMBER_LABEL&lt;/strong&gt;&lt;/p&gt;</td><td style=\"vertical-align: top; text-align : left; background-color: #F7F7F7; border: 1px #F0F0F0 solid; padding:0px 4px 0px 4px\" class=\"hierarchy\">1..1</td><td style=\"vertical-align: top; text-align : left; background-color: #F7F7F7; border: 1px #F0F0F0 solid; padding:0px 4px 0px 4px\" class=\"hierarchy\"><a href=\"http://hl7.org/fhir/R4/codesystem-item-type.html#item-type-decimal\">decimal</a></td><td style=\"vertical-align: top; text-align : left; background-color: #F7F7F7; border: 1px #F0F0F0 solid; padding:0px 4px 0px 4px\" class=\"hierarchy\">Definition: https://science37.com/NG/widget/id/richText/version/2.3<br/>Initial Value: decimal = 1.01</td></tr>\r\n<tr style=\"border: 1px #F0F0F0 solid; padding:0px; vertical-align: top; background-color: white\"><td style=\"vertical-align: top; text-align : left; background-color: white; border: 1px #F0F0F0 solid; padding:0px 4px 0px 4px; white-space: nowrap; background-image: url(tbl_bck10.png)\" id=\"item.__S37-form-fields-jntlfakzc05\" class=\"hierarchy\"><img src=\"tbl_spacer.png\" alt=\".\" style=\"background-color: inherit\" class=\"hierarchy\"/><img src=\"tbl_vjoin.png\" alt=\".\" style=\"background-color: inherit\" class=\"hierarchy\"/><img src=\"icon-q-integer.png\" alt=\".\" style=\"background-color: white; background-color: inherit\" title=\"Integer\" class=\"hierarchy\"/> __S37-form-fields-jntlfakzc05</td><td style=\"vertical-align: top; text-align : left; background-color: white; border: 1px #F0F0F0 solid; padding:0px 4px 0px 4px\" class=\"hierarchy\">&lt;p style=&quot;text-align:left;&quot;&gt;&lt;strong&gt;NUMBER_LABEL&lt;/strong&gt;&lt;/p&gt;</td><td style=\"vertical-align: top; text-align : left; background-color: white; border: 1px #F0F0F0 solid; padding:0px 4px 0px 4px\" class=\"hierarchy\">1..1</td><td style=\"vertical-align: top; text-align : left; background-color: white; border: 1px #F0F0F0 solid; padding:0px 4px 0px 4px\" class=\"hierarchy\"><a href=\"http://hl7.org/fhir/R4/codesystem-item-type.html#item-type-integer\">integer</a></td><td style=\"vertical-align: top; text-align : left; background-color: white; border: 1px #F0F0F0 solid; padding:0px 4px 0px 4px\" class=\"hierarchy\">Definition: https://science37.com/NG/widget/id/richText/version/2.3<br/>Initial Value: integer = 10</td></tr>\r\n<tr style=\"border: 1px #F0F0F0 solid; padding:0px; vertical-align: top; background-color: #F7F7F7\"><td style=\"vertical-align: top; text-align : left; background-color: #F7F7F7; border: 1px #F0F0F0 solid; padding:0px 4px 0px 4px; white-space: nowrap; background-image: url(tbl_bck10.png)\" id=\"item.__S37-form-fields-6qupvhtl05b\" class=\"hierarchy\"><img src=\"tbl_spacer.png\" alt=\".\" style=\"background-color: inherit\" class=\"hierarchy\"/><img src=\"tbl_vjoin.png\" alt=\".\" style=\"background-color: inherit\" class=\"hierarchy\"/><img src=\"icon-q-group.png\" alt=\".\" style=\"background-color: #F7F7F7; background-color: inherit\" title=\"Group\" class=\"hierarchy\"/> __S37-form-fields-6qupvhtl05b</td><td style=\"vertical-align: top; text-align : left; background-color: #F7F7F7; border: 1px #F0F0F0 solid; padding:0px 4px 0px 4px\" class=\"hierarchy\">&lt;p style=&quot;text-align:left;&quot;&gt;&lt;strong&gt;NRS_LABEL&lt;/strong&gt;&lt;/p&gt;</td><td style=\"vertical-align: top; text-align : left; background-color: #F7F7F7; border: 1px #F0F0F0 solid; padding:0px 4px 0px 4px\" class=\"hierarchy\">1..1</td><td style=\"vertical-align: top; text-align : left; background-color: #F7F7F7; border: 1px #F0F0F0 solid; padding:0px 4px 0px 4px\" class=\"hierarchy\"><a href=\"http://hl7.org/fhir/R4/codesystem-item-type.html#item-type-question\">question</a></td><td style=\"vertical-align: top; text-align : left; background-color: #F7F7F7; border: 1px #F0F0F0 solid; padding:0px 4px 0px 4px\" class=\"hierarchy\">Definition: https://science37.com/NG/widget/id/richText/version/2.3</td></tr>\r\n<tr style=\"border: 1px #F0F0F0 solid; padding:0px; vertical-align: top; background-color: white\"><td style=\"vertical-align: top; text-align : left; background-color: white; border: 1px #F0F0F0 solid; padding:0px 4px 0px 4px; white-space: nowrap; background-image: url(tbl_bck11.png)\" id=\"item.__S37-form-fields-fe09fa6eto33\" class=\"hierarchy\"><img src=\"tbl_spacer.png\" alt=\".\" style=\"background-color: inherit\" class=\"hierarchy\"/><img src=\"tbl_vjoin.png\" alt=\".\" style=\"background-color: inherit\" class=\"hierarchy\"/><img src=\"icon-q-display.png\" alt=\".\" style=\"background-color: white; background-color: inherit\" title=\"Display\" class=\"hierarchy\"/> __S37-form-fields-fe09fa6eto33</td><td style=\"vertical-align: top; text-align : left; background-color: white; border: 1px #F0F0F0 solid; padding:0px 4px 0px 4px\" class=\"hierarchy\">null</td><td style=\"vertical-align: top; text-align : left; background-color: white; border: 1px #F0F0F0 solid; padding:0px 4px 0px 4px\" class=\"hierarchy\">0..1</td><td style=\"vertical-align: top; text-align : left; background-color: white; border: 1px #F0F0F0 solid; padding:0px 4px 0px 4px\" class=\"hierarchy\"><a href=\"http://hl7.org/fhir/R4/codesystem-item-type.html#item-type-display\">display</a></td><td style=\"vertical-align: top; text-align : left; background-color: white; border: 1px #F0F0F0 solid; padding:0px 4px 0px 4px\" class=\"hierarchy\"/></tr>\r\n<tr style=\"border: 1px #F0F0F0 solid; padding:0px; vertical-align: top; background-color: #F7F7F7\"><td style=\"vertical-align: top; text-align : left; background-color: #F7F7F7; border: 1px #F0F0F0 solid; padding:0px 4px 0px 4px; white-space: nowrap; background-image: url(tbl_bck100.png)\" id=\"item.__S37-form-fields-fe09fa6eto2\" class=\"hierarchy\"><img src=\"tbl_spacer.png\" alt=\".\" style=\"background-color: inherit\" class=\"hierarchy\"/><img src=\"tbl_vline.png\" alt=\".\" style=\"background-color: inherit\" class=\"hierarchy\"/><img src=\"tbl_vjoin_end.png\" alt=\".\" style=\"background-color: inherit\" class=\"hierarchy\"/><img src=\"icon-q-text.png\" alt=\".\" style=\"background-color: #F7F7F7; background-color: inherit\" title=\"Text\" class=\"hierarchy\"/> __S37-form-fields-fe09fa6eto2</td><td style=\"vertical-align: top; text-align : left; background-color: #F7F7F7; border: 1px #F0F0F0 solid; padding:0px 4px 0px 4px\" class=\"hierarchy\">&lt;p style=&quot;text-align:left;&quot;&gt;&lt;strong&gt;Rich Text Area data&lt;/strong&gt;&lt;/p&gt;</td><td style=\"vertical-align: top; text-align : left; background-color: #F7F7F7; border: 1px #F0F0F0 solid; padding:0px 4px 0px 4px\" class=\"hierarchy\">1..1</td><td style=\"vertical-align: top; text-align : left; background-color: #F7F7F7; border: 1px #F0F0F0 solid; padding:0px 4px 0px 4px\" class=\"hierarchy\"><a href=\"http://hl7.org/fhir/R4/codesystem-item-type.html#item-type-text\">text</a></td><td style=\"vertical-align: top; text-align : left; background-color: #F7F7F7; border: 1px #F0F0F0 solid; padding:0px 4px 0px 4px\" class=\"hierarchy\">Definition: https://science37.com/NG/widget/id/richText/version/2.3</td></tr>\r\n<tr style=\"border: 1px #F0F0F0 solid; padding:0px; vertical-align: top; background-color: white\"><td style=\"vertical-align: top; text-align : left; background-color: white; border: 1px #F0F0F0 solid; padding:0px 4px 0px 4px; white-space: nowrap; background-image: url(tbl_bck11.png)\" id=\"item.isdfu9s0df8us8dfy\" class=\"hierarchy\"><img src=\"tbl_spacer.png\" alt=\".\" style=\"background-color: inherit\" class=\"hierarchy\"/><img src=\"tbl_vjoin.png\" alt=\".\" style=\"background-color: inherit\" class=\"hierarchy\"/><img src=\"icon-q-group.png\" alt=\".\" style=\"background-color: white; background-color: inherit\" title=\"Group\" class=\"hierarchy\"/> isdfu9s0df8us8dfy</td><td style=\"vertical-align: top; text-align : left; background-color: white; border: 1px #F0F0F0 solid; padding:0px 4px 0px 4px\" class=\"hierarchy\">null</td><td style=\"vertical-align: top; text-align : left; background-color: white; border: 1px #F0F0F0 solid; padding:0px 4px 0px 4px\" class=\"hierarchy\">0..1</td><td style=\"vertical-align: top; text-align : left; background-color: white; border: 1px #F0F0F0 solid; padding:0px 4px 0px 4px\" class=\"hierarchy\"><a href=\"http://hl7.org/fhir/R4/codesystem-item-type.html#item-type-question\">question</a></td><td style=\"vertical-align: top; text-align : left; background-color: white; border: 1px #F0F0F0 solid; padding:0px 4px 0px 4px\" class=\"hierarchy\"/></tr>\r\n<tr style=\"border: 1px #F0F0F0 solid; padding:0px; vertical-align: top; background-color: #F7F7F7\"><td style=\"vertical-align: top; text-align : left; background-color: #F7F7F7; border: 1px #F0F0F0 solid; padding:0px 4px 0px 4px; white-space: nowrap; background-image: url(tbl_bck100.png)\" id=\"item.isdfu9s0df8us8dfy-222\" class=\"hierarchy\"><img src=\"tbl_spacer.png\" alt=\".\" style=\"background-color: inherit\" class=\"hierarchy\"/><img src=\"tbl_vline.png\" alt=\".\" style=\"background-color: inherit\" class=\"hierarchy\"/><img src=\"tbl_vjoin_end.png\" alt=\".\" style=\"background-color: inherit\" class=\"hierarchy\"/><img src=\"icon-q-text.png\" alt=\".\" style=\"background-color: #F7F7F7; background-color: inherit\" title=\"Text\" class=\"hierarchy\"/> isdfu9s0df8us8dfy-222</td><td style=\"vertical-align: top; text-align : left; background-color: #F7F7F7; border: 1px #F0F0F0 solid; padding:0px 4px 0px 4px\" class=\"hierarchy\">Describe your current mood.</td><td style=\"vertical-align: top; text-align : left; background-color: #F7F7F7; border: 1px #F0F0F0 solid; padding:0px 4px 0px 4px\" class=\"hierarchy\">1..1</td><td style=\"vertical-align: top; text-align : left; background-color: #F7F7F7; border: 1px #F0F0F0 solid; padding:0px 4px 0px 4px\" class=\"hierarchy\"><a href=\"http://hl7.org/fhir/R4/codesystem-item-type.html#item-type-text\">text</a></td><td style=\"vertical-align: top; text-align : left; background-color: #F7F7F7; border: 1px #F0F0F0 solid; padding:0px 4px 0px 4px\" class=\"hierarchy\">Definition: https://science37.com/NG/widget/id/text/version/2.3<br/>Initial Value: string =  Replacement for defaultPlaceholder</td></tr>\r\n<tr style=\"border: 1px #F0F0F0 solid; padding:0px; vertical-align: top; background-color: white\"><td style=\"vertical-align: top; text-align : left; background-color: white; border: 1px #F0F0F0 solid; padding:0px 4px 0px 4px; white-space: nowrap; background-image: url(tbl_bck10.png)\" id=\"item.__S37-form-fields-1nhurf723d8\" class=\"hierarchy\"><img src=\"tbl_spacer.png\" alt=\".\" style=\"background-color: inherit\" class=\"hierarchy\"/><img src=\"tbl_vjoin.png\" alt=\".\" style=\"background-color: inherit\" class=\"hierarchy\"/><img src=\"icon-q-group.png\" alt=\".\" style=\"background-color: white; background-color: inherit\" title=\"Group\" class=\"hierarchy\"/> __S37-form-fields-1nhurf723d8</td><td style=\"vertical-align: top; text-align : left; background-color: white; border: 1px #F0F0F0 solid; padding:0px 4px 0px 4px\" class=\"hierarchy\">null</td><td style=\"vertical-align: top; text-align : left; background-color: white; border: 1px #F0F0F0 solid; padding:0px 4px 0px 4px\" class=\"hierarchy\">0..1</td><td style=\"vertical-align: top; text-align : left; background-color: white; border: 1px #F0F0F0 solid; padding:0px 4px 0px 4px\" class=\"hierarchy\"><a href=\"http://hl7.org/fhir/R4/codesystem-item-type.html#item-type-question\">question</a></td><td style=\"vertical-align: top; text-align : left; background-color: white; border: 1px #F0F0F0 solid; padding:0px 4px 0px 4px\" class=\"hierarchy\"/></tr>\r\n<tr style=\"border: 1px #F0F0F0 solid; padding:0px; vertical-align: top; background-color: #F7F7F7\"><td style=\"vertical-align: top; text-align : left; background-color: #F7F7F7; border: 1px #F0F0F0 solid; padding:0px 4px 0px 4px; white-space: nowrap; background-image: url(tbl_bck00.png)\" id=\"item.__S37-form-fields-h0ae575xlf8\" class=\"hierarchy\"><img src=\"tbl_spacer.png\" alt=\".\" style=\"background-color: inherit\" class=\"hierarchy\"/><img src=\"tbl_vjoin_end.png\" alt=\".\" style=\"background-color: inherit\" class=\"hierarchy\"/><img src=\"icon-q-group.png\" alt=\".\" style=\"background-color: #F7F7F7; background-color: inherit\" title=\"Group\" class=\"hierarchy\"/> __S37-form-fields-h0ae575xlf8</td><td style=\"vertical-align: top; text-align : left; background-color: #F7F7F7; border: 1px #F0F0F0 solid; padding:0px 4px 0px 4px\" class=\"hierarchy\">&lt;p style=&quot;text-align:left;&quot;&gt;&lt;strong&gt;Please tap on the scale to indicate how your health is TODAY&lt;/strong&gt;&lt;/p&gt;</td><td style=\"vertical-align: top; text-align : left; background-color: #F7F7F7; border: 1px #F0F0F0 solid; padding:0px 4px 0px 4px\" class=\"hierarchy\">1..1</td><td style=\"vertical-align: top; text-align : left; background-color: #F7F7F7; border: 1px #F0F0F0 solid; padding:0px 4px 0px 4px\" class=\"hierarchy\"><a href=\"http://hl7.org/fhir/R4/codesystem-item-type.html#item-type-question\">question</a></td><td style=\"vertical-align: top; text-align : left; background-color: #F7F7F7; border: 1px #F0F0F0 solid; padding:0px 4px 0px 4px\" class=\"hierarchy\">Definition: https://science37.com/NG/widget/id/richText/version/2.3</td></tr>\r\n<tr><td colspan=\"5\" class=\"hierarchy\"><br/><a href=\"http://hl7.org/fhir/R4/formats.html#table\" title=\"Legend for this format\"><img src=\"http://hl7.org/fhir/R4/help16.png\" alt=\"doco\" style=\"background-color: inherit\"/> Documentation for this format</a></td></tr></table></div>"},"extension":[{"extension":[{"url":"type","valueString":"formType"},{"url":"buildLanguage","valueString":"US_English"},{"url":"excludeFromDataExport","valueBoolean":true},{"url":"requireDataReview","valueBoolean":true},{"url":"requireEditReason","valueBoolean":true},{"url":"subStatus","valueString":"Unknown Status"},{"url":"controlSchemaVersion","valueString":"2.1.9"},{"url":"OID","valueString":"FORM OID"},{"url":"standardVariable","valueString":"Standard Variable"},{"url":"title","valueString":"Form Title"},{"url":"label","valueString":"Form Label"},{"url":"createdAt","valueDateTime":"2015-02-07T13:28:17Z"},{"url":"updatedAt","valueDateTime":"2022-01-01T10:08:10Z"}],"url":"http://science37.com/StructureDefinition/form-settings"}],"url":"http://science37.com/Questionnaire/Questionnaire-Item-Extension-Example-All-SingleItem","identifier":[{"value":"Form ID"}],"version":"1.0.0-S37","name":"Example : Questionnaire.Item","title":"Example : Questionnaire.Item","status":"draft","subjectType":["Patient"],"date":"2022-04-14T20:08:42+00:00","publisher":"Science37","contact":[{"name":"Science37","telecom":[{"system":"url","value":"http://science37.com/publisher"}]}],"item":[{"extension":[{"extension":[{"url":"version","valueId":"1.0.1-ItemVersion"},{"url":"OID","valueString":"DATE_TIME_OID"},{"url":"title","valueString":"DATE_TIME_TITLE"},{"url":"variableName","valueString":"The Item variableName"},{"url":"standardVariable","valueString":"DATE_TIME_STD_VAR"},{"url":"fieldCode","valueString":"The fieldCode"},{"url":"description","valueString":"DATE_TIME_DESC"},{"url":"completionPeriodOfTime","valueString":"hr"},{"url":"completionNoOfHours","valueInteger":22},{"url":"completionNoOfDays","valueInteger":2},{"url":"completionNoOfMonths","valueInteger":1},{"url":"completionShouldOccur","valueBoolean":true}],"url":"http://science37.com/StructureDefinition/datetime-item"},{"url":"http://hl7.org/fhir/StructureDefinition/maxValue","valueDateTime":"2020-11-14T16:39:40-05:00"},{"url":"http://hl7.org/fhir/StructureDefinition/minValue","valueDateTime":"2000-11-14T16:39:40-05:00"}],"linkId":"__S37-form-fields-qo3cyvy8fgh","definition":"https://science37.com/NG/widget/id/text/version/2.3","text":"<p style=\"text-align:left;\"><strong>DATE_TIME_LABEL</strong></p>","type":"dateTime","required":true,"maxLength":22,"initial":[{"valueString":" Replacement for defaultPlaceholder"}],"item":[{"extension":[{"extension":[{"url":"subType","valueString":"TextArea"},{"url":"version","valueId":"1.0.1-ItemVersion"},{"url":"OID","valueString":"TEXT_AREA-OID"},{"url":"title","valueString":"TEXT_AREA_TITLE"},{"url":"variableName","valueString":"NOT Assigned by DD"},{"url":"standardVariable","valueString":"TEXT_AREA_STD_VAR"},{"url":"fieldCode","valueString":"NOT Assigned by DD"},{"url":"description","valueString":"TEXT_AREA_DESC"}],"url":"http://science37.com/StructureDefinition/item-settings"}],"linkId":"__S37-form-fields-1nhurf7a3d8","definition":"https://science37.com/NG/widget/id/richText/version/2.3","text":"<p style=\"text-align:left;\"><strong>TEXT_AREA_LABEL</strong></p>","type":"text","required":true}]},{"extension":[{"extension":[{"url":"subType","valueString":"FileUpload"},{"url":"version","valueId":"1.0.1-ItemVersion"},{"url":"OID","valueString":"FILE_UPLOAD_OID"},{"url":"title","valueString":"FILE_UPLOAD_TITLE"},{"url":"variableName","valueString":"Not Assigned by DD"},{"url":"standardVariable","valueString":"FILE_UPLOAD_STD_VAR"},{"url":"fieldCode","valueString":"Not Assigned by DD"},{"url":"description","valueString":"FILE_UPLOAD_DESC"}],"url":"http://science37.com/StructureDefinition/item-settings"}],"linkId":"__S37-form-fields-q6zbrgullmr","definition":"https://science37.com/NG/widget/id/text/version/2.3","text":"<p style=\"text-align:left;\"><strong>FILE_UPLOAD_LABEL</strong></p>","type":"attachment","required":true},{"extension":[{"extension":[{"url":"subType","valueString":"Image"},{"url":"version","valueId":"1.0.1-ItemVersion"},{"url":"OID","valueString":"OID field Object ID"},{"url":"title","valueString":"The Item Title"},{"url":"label","valueString":"The Item lable"},{"url":"variableName","valueString":"The Item variableName"},{"url":"standardVariable","valueString":"The standardVariable"},{"url":"fieldCode","valueString":"The fieldCode"},{"url":"description","valueString":"The description"}],"url":"http://science37.com/StructureDefinition/item-settings"}],"linkId":"isdfu9s0df8us8dfy","definition":"https://science37.com/NG/widget/id/text/version/2.3","text":"Item Text Value","type":"attachment","required":true,"maxLength":22,"initial":[{"valueString":" Replacement for defaultPlaceholder"}]},{"extension":[{"extension":[{"url":"version","valueId":"1.0.1-ItemVersion"},{"url":"OID","valueString":"NUMBER_OID"},{"url":"title","valueString":"NUMBER_TITLE"},{"url":"variableName","valueString":"NOT Assigned by DD"},{"url":"standardVariable","valueString":"FOOTER_STD_VAR"},{"url":"fieldCode","valueString":"NOT Assigned by DD"},{"url":"description","valueString":"NUMBER_DESC"},{"url":"subType","valueString":"Decimal"},{"url":"scale","valueInteger":3}],"url":"http://science37.com/StructureDefinition/item-settings"},{"url":"http://hl7.org/fhir/StructureDefinition/minValue","valueDecimal":0.002},{"url":"http://hl7.org/fhir/StructureDefinition/maxValue","valueDecimal":10.002}],"linkId":"__S37-form-fields-jntlfakzc05","definition":"https://science37.com/NG/widget/id/richText/version/2.3","text":"<p style=\"text-align:left;\"><strong>NUMBER_LABEL</strong></p>","type":"decimal","required":true,"initial":[{"valueDecimal":1.01}]},{"extension":[{"extension":[{"url":"version","valueId":"1.0.1-ItemVersion"},{"url":"OID","valueString":"NUMBER_OID"},{"url":"title","valueString":"NUMBER_TITLE"},{"url":"variableName","valueString":"NOT Assigned by DD"},{"url":"standardVariable","valueString":"FOOTER_STD_VAR"},{"url":"fieldCode","valueString":"NOT Assigned by DD"},{"url":"description","valueString":"NUMBER_DESC"},{"url":"subType","valueString":"Decimal"}],"url":"http://science37.com/StructureDefinition/item-settings"},{"url":"http://hl7.org/fhir/StructureDefinition/minValue","valueInteger":10},{"url":"http://hl7.org/fhir/StructureDefinition/maxValue","valueInteger":500}],"linkId":"__S37-form-fields-jntlfakzc05","definition":"https://science37.com/NG/widget/id/richText/version/2.3","text":"<p style=\"text-align:left;\"><strong>NUMBER_LABEL</strong></p>","type":"integer","required":true,"initial":[{"valueInteger":10}]},{"extension":[{"extension":[{"url":"subType","valueString":"ratingscale"},{"url":"version","valueId":"1.0.1-ItemVersion"},{"url":"OID","valueString":"NRS_OID"},{"url":"title","valueString":"NRS_TITLE"},{"url":"variableName","valueString":"NOT Assigned by DD"},{"url":"standardVariable","valueString":"NRS_STD_VAR"},{"url":"fieldCode","valueString":"NOT Assigned by DD"},{"url":"description","valueString":"NRS_DESC"},{"url":"minValueLabel","valueString":"Min Value"},{"url":"maxValueLabel","valueString":"Max Value"},{"url":"naOption","valueBoolean":true},{"url":"naLabel","valueString":"The NA Label"}],"url":"http://science37.com/StructureDefinition/item-settings"},{"url":"http://hl7.org/fhir/StructureDefinition/minValue","valueInteger":11},{"url":"http://hl7.org/fhir/StructureDefinition/maxValue","valueInteger":1100}],"linkId":"__S37-form-fields-6qupvhtl05b","definition":"https://science37.com/NG/widget/id/richText/version/2.3","text":"<p style=\"text-align:left;\"><strong>NRS_LABEL</strong></p>","type":"question","required":true},{"linkId":"__S37-form-fields-fe09fa6eto33","type":"display","item":[{"extension":[{"extension":[{"url":"subType","valueString":"RichText"},{"url":"version","valueId":"1.0.1-ItemVersion"},{"url":"OID","valueString":"FOOTER_OID"},{"url":"title","valueString":"FOOTER_TITLE"},{"url":"variableName","valueString":"NOT Assigned by DD"},{"url":"standardVariable","valueString":"FOOTER_STD_VAR"},{"url":"fieldCode","valueString":"NOT Assigned by DD"},{"url":"description","valueString":"FOOTER_DESC"},{"url":"maxLength","valueInteger":254}],"url":"http://science37.com/StructureDefinition/item-settings"}],"linkId":"__S37-form-fields-fe09fa6eto2","definition":"https://science37.com/NG/widget/id/richText/version/2.3","text":"<p style=\"text-align:left;\"><strong>Rich Text Area data</strong></p>","type":"text","required":true}]},{"linkId":"isdfu9s0df8us8dfy","type":"question","item":[{"extension":[{"extension":[{"url":"version","valueId":"1.0.1-ItemVersion"},{"url":"OID","valueString":"OID field Object ID"},{"url":"title","valueString":"The Item Title"},{"url":"variableName","valueString":"The Item variableName"},{"url":"standardVariable","valueString":"The standardVariable"},{"url":"fieldCode","valueString":"The fieldCode"},{"url":"description","valueString":"The description"},{"url":"maxLength","valueInteger":22}],"url":"http://science37.com/StructureDefinition/item-settings"}],"linkId":"isdfu9s0df8us8dfy-222","definition":"https://science37.com/NG/widget/id/text/version/2.3","text":"Describe your current mood.","type":"text","required":true,"initial":[{"valueString":" Replacement for defaultPlaceholder"}]}]},{"linkId":"__S37-form-fields-1nhurf723d8","type":"question"},{"extension":[{"extension":[{"url":"subType","valueString":"VASScale"},{"url":"version","valueId":"1.0.1-ItemVersion"},{"url":"OID","valueString":"VAS_OID"},{"url":"title","valueString":"VAS_TITLE"},{"url":"variableName","valueString":"NOT Assigned by DD"},{"url":"standardVariable","valueString":"VAS_STD_VAR"},{"url":"fieldCode","valueString":"NOT Assigned by DD"},{"url":"description","valueString":"VAS_DESC"},{"url":"displayValueIndicator","valueBoolean":true},{"url":"valueIndicatorLabel","valueString":"Your Health Today"},{"url":"minValueLabel","valueString":"The worst healthyou can imagine"},{"url":"maxValueLabel","valueString":"Type Something "},{"url":"medValueLabel","valueString":"Median Value Label "},{"url":"naOption","valueBoolean":true},{"url":"naLabel","valueString":"The NA Label"},{"url":"orientation","valueString":"vertical"},{"url":"doNotShowNumValue","valueBoolean":false},{"url":"showIncrements","valueBoolean":true},{"url":"minorIncrements","valueInteger":1},{"url":"majorIncrements","valueInteger":10},{"url":"interactionType","valueString":"Show value slider"},{"url":"scaleSize","valueString":"consistentScale"},{"url":"optionalPresets","valueString":"vasTenPointIncrement"}],"url":"http://science37.com/StructureDefinition/vasScale-item"},{"url":"http://hl7.org/fhir/StructureDefinition/minValue","valueInteger":11},{"url":"http://hl7.org/fhir/StructureDefinition/maxValue","valueInteger":1100}],"linkId":"__S37-form-fields-h0ae575xlf8","definition":"https://science37.com/NG/widget/id/richText/version/2.3","text":"<p style=\"text-align:left;\"><strong>Please tap on the scale to indicate how your health is TODAY</strong></p>","type":"question","required":true}]}