<?xml version="1.0" encoding="UTF-8"?><ImplementationGuide xmlns="http://hl7.org/fhir"><id value="science27.FHIR-IG"/><text><status value="extensions"/><div xmlns="http://www.w3.org/1999/xhtml"><h2>S37FHIRIG</h2><p>The official URL for this implementation guide is: </p><pre>http://science37.com/ImplementationGuide/science27.FHIR-IG</pre></div></text><url value="http://science37.com/ImplementationGuide/science27.FHIR-IG"/><version value="1.0.0-S37"/><name value="S37FHIRIG"/><status value="active"/><date value="2022-04-15T17:46:09+00:00"/><publisher value="Science37"/><contact><name value="Science37"/><telecom><system value="url"/><value value="http://science37.com/publisher"/></telecom></contact><packageId value="science27.FHIR-IG"/><license value="CC0-1.0"/><fhirVersion value="4.0.1"/><definition><extension url="http://hl7.org/fhir/tools/StructureDefinition/ig-parameter"><extension url="code"><valueString value="copyrightyear"/></extension><extension url="value"><valueString value="2022+"/></extension></extension><extension url="http://hl7.org/fhir/tools/StructureDefinition/ig-parameter"><extension url="code"><valueString value="releaselabel"/></extension><extension url="value"><valueString value="ci-build"/></extension></extension><extension url="http://hl7.org/fhir/tools/StructureDefinition/ig-parameter"><extension url="code"><valueString value="path-liquid"/></extension><extension url="value"><valueString value="template/liquid"/></extension></extension><extension url="http://hl7.org/fhir/tools/StructureDefinition/ig-parameter"><extension url="code"><valueString value="path-liquid"/></extension><extension url="value"><valueString value="input/liquid"/></extension></extension><extension url="http://hl7.org/fhir/tools/StructureDefinition/ig-parameter"><extension url="code"><valueString value="path-qa"/></extension><extension url="value"><valueString value="temp/qa"/></extension></extension><extension url="http://hl7.org/fhir/tools/StructureDefinition/ig-parameter"><extension url="code"><valueString value="path-temp"/></extension><extension url="value"><valueString value="temp/pages"/></extension></extension><extension url="http://hl7.org/fhir/tools/StructureDefinition/ig-parameter"><extension url="code"><valueString value="path-output"/></extension><extension url="value"><valueString value="output"/></extension></extension><extension url="http://hl7.org/fhir/tools/StructureDefinition/ig-parameter"><extension url="code"><valueString value="path-suppressed-warnings"/></extension><extension url="value"><valueString value="input/ignoreWarnings.txt"/></extension></extension><extension url="http://hl7.org/fhir/tools/StructureDefinition/ig-parameter"><extension url="code"><valueString value="path-history"/></extension><extension url="value"><valueString value="http://science37.com/history.html"/></extension></extension><extension url="http://hl7.org/fhir/tools/StructureDefinition/ig-parameter"><extension url="code"><valueString value="template-html"/></extension><extension url="value"><valueString value="template-page.html"/></extension></extension><extension url="http://hl7.org/fhir/tools/StructureDefinition/ig-parameter"><extension url="code"><valueString value="template-md"/></extension><extension url="value"><valueString value="template-page-md.html"/></extension></extension><extension url="http://hl7.org/fhir/tools/StructureDefinition/ig-parameter"><extension url="code"><valueString value="apply-contact"/></extension><extension url="value"><valueString value="true"/></extension></extension><extension url="http://hl7.org/fhir/tools/StructureDefinition/ig-parameter"><extension url="code"><valueString value="apply-context"/></extension><extension url="value"><valueString value="true"/></extension></extension><extension url="http://hl7.org/fhir/tools/StructureDefinition/ig-parameter"><extension url="code"><valueString value="apply-copyright"/></extension><extension url="value"><valueString value="true"/></extension></extension><extension url="http://hl7.org/fhir/tools/StructureDefinition/ig-parameter"><extension url="code"><valueString value="apply-jurisdiction"/></extension><extension url="value"><valueString value="true"/></extension></extension><extension url="http://hl7.org/fhir/tools/StructureDefinition/ig-parameter"><extension url="code"><valueString value="apply-license"/></extension><extension url="value"><valueString value="true"/></extension></extension><extension url="http://hl7.org/fhir/tools/StructureDefinition/ig-parameter"><extension url="code"><valueString value="apply-publisher"/></extension><extension url="value"><valueString value="true"/></extension></extension><extension url="http://hl7.org/fhir/tools/StructureDefinition/ig-parameter"><extension url="code"><valueString value="apply-version"/></extension><extension url="value"><valueString value="true"/></extension></extension><extension url="http://hl7.org/fhir/tools/StructureDefinition/ig-parameter"><extension url="code"><valueString value="active-tables"/></extension><extension url="value"><valueString value="true"/></extension></extension><extension url="http://hl7.org/fhir/tools/StructureDefinition/ig-parameter"><extension url="code"><valueString value="fmm-definition"/></extension><extension url="value"><valueString value="http://hl7.org/fhir/versions.html#maturity"/></extension></extension><extension url="http://hl7.org/fhir/tools/StructureDefinition/ig-parameter"><extension url="code"><valueString value="propagate-status"/></extension><extension url="value"><valueString value="true"/></extension></extension><extension url="http://hl7.org/fhir/tools/StructureDefinition/ig-parameter"><extension url="code"><valueString value="excludelogbinaryformat"/></extension><extension url="value"><valueString value="true"/></extension></extension><grouping id="-str-profile"><name value="Structures: Resource Profiles"/><description value="These define constraints on FHIR resources for systems conforming to this implementation guide"/></grouping><grouping id="-str-extension"><name value="Structures: Extension Definitions"/><description value="These define constraints on FHIR data types for systems conforming to this implementation guide"/></grouping><grouping id="-ex-example"><name value="Example: Example Instances"/><description value="These are example instances that show what data produced and consumed by systems conforming with this implementation guide might look like"/></grouping><resource><extension url="http://hl7.org/fhir/StructureDefinition/implementationguide-page"><valueUri value="StructureDefinition-questionnaire-s37.html"/></extension><reference><reference value="StructureDefinition/questionnaire-s37"/></reference><name value="Profile : Questionnaire.item extensions"/><description value="Profile : Questionnaire.item extensions"/><exampleBoolean value="false"/><groupingId value="-str-profile"/></resource><resource><extension url="http://hl7.org/fhir/StructureDefinition/implementationguide-page"><valueUri value="StructureDefinition-datetime-item.html"/></extension><reference><reference value="StructureDefinition/datetime-item"/></reference><name value="Extension : DateTimeItem Settings "/><description value="Extension : Questionnaire.item.DateTimeItem "/><exampleBoolean value="false"/><groupingId value="-str-extension"/></resource><resource><extension url="http://hl7.org/fhir/StructureDefinition/implementationguide-page"><valueUri value="StructureDefinition-derived-item.html"/></extension><reference><reference value="StructureDefinition/derived-item"/></reference><name value="Extension : DerivedItem Settings "/><description value="Extension : Questionnaire.item.DerivedItem "/><exampleBoolean value="false"/><groupingId value="-str-extension"/></resource><resource><extension url="http://hl7.org/fhir/StructureDefinition/implementationguide-page"><valueUri value="StructureDefinition-form-settings.html"/></extension><reference><reference value="StructureDefinition/form-settings"/></reference><name value="Extension : Form Settings "/><description value="Extension : Questionnaire.settings "/><exampleBoolean value="false"/><groupingId value="-str-extension"/></resource><resource><extension url="http://hl7.org/fhir/StructureDefinition/implementationguide-page"><valueUri value="StructureDefinition-item-settings.html"/></extension><reference><reference value="StructureDefinition/item-settings"/></reference><name value="Extension : Item Settings "/><description value="Extension : Questionnaire.item.settings "/><exampleBoolean value="false"/><groupingId value="-str-extension"/></resource><resource><extension url="http://hl7.org/fhir/StructureDefinition/implementationguide-page"><valueUri value="StructureDefinition-settings.html"/></extension><reference><reference value="StructureDefinition/settings"/></reference><name value="Extension : Common Settings "/><description value="Extension : Common settings "/><exampleBoolean value="false"/><groupingId value="-str-extension"/></resource><resource><extension url="http://hl7.org/fhir/StructureDefinition/implementationguide-page"><valueUri value="StructureDefinition-vasScale-item.html"/></extension><reference><reference value="StructureDefinition/vasScale-item"/></reference><name value="Extension : VASScaleItem Settings "/><description value="Extension : Questionnaire.item.VASScaleItem "/><exampleBoolean value="false"/><groupingId value="-str-extension"/></resource><resource><extension url="http://hl7.org/fhir/StructureDefinition/implementationguide-page"><valueUri value="Questionnaire-Questionnaire-Extension-Example.html"/></extension><reference><reference value="Questionnaire/Questionnaire-Extension-Example"/></reference><name value="Example : Questionnaire"/><description value="Example : Questionnaire"/><exampleCanonical value="http://science37.com/StructureDefinition/questionnaire-s37"/><groupingId value="-ex-example"/></resource><resource><extension url="http://hl7.org/fhir/StructureDefinition/implementationguide-page"><valueUri value="Questionnaire-Questionnaire-Item-Extension-Example-All-SingleItem.html"/></extension><reference><reference value="Questionnaire/Questionnaire-Item-Extension-Example-All-SingleItem"/></reference><name value="Example : Questionnaire.Item-All-SingleItem"/><description value="Example : Questionnaire.Item-All-SingleItem"/><exampleCanonical value="http://science37.com/StructureDefinition/questionnaire-s37"/><groupingId value="-ex-example"/></resource><resource><extension url="http://hl7.org/fhir/StructureDefinition/implementationguide-page"><valueUri value="Questionnaire-Questionnaire-Item-Extension-Example-DateTime.html"/></extension><reference><reference value="Questionnaire/Questionnaire-Item-Extension-Example-DateTime"/></reference><name value="Example : Questionnaire.Item-Image"/><description value="Example : Questionnaire.Item-Image"/><exampleCanonical value="http://science37.com/StructureDefinition/questionnaire-s37"/><groupingId value="-ex-example"/></resource><resource><extension url="http://hl7.org/fhir/StructureDefinition/implementationguide-page"><valueUri value="Questionnaire-Questionnaire-Item-Extension-Example-FileUpload.html"/></extension><reference><reference value="Questionnaire/Questionnaire-Item-Extension-Example-FileUpload"/></reference><name value="Example : Questionnaire.Item-FileUpload"/><description value="Example : Questionnaire.Item-FileUpload"/><exampleCanonical value="http://science37.com/StructureDefinition/questionnaire-s37"/><groupingId value="-ex-example"/></resource><resource><extension url="http://hl7.org/fhir/StructureDefinition/implementationguide-page"><valueUri value="Questionnaire-Questionnaire-Item-Extension-Example-Footer.html"/></extension><reference><reference value="Questionnaire/Questionnaire-Item-Extension-Example-Footer"/></reference><name value="Example : Questionnaire.Item-Footer"/><description value="Example : Questionnaire.Item-Footer"/><exampleCanonical value="http://science37.com/StructureDefinition/questionnaire-s37"/><groupingId value="-ex-example"/></resource><resource><extension url="http://hl7.org/fhir/StructureDefinition/implementationguide-page"><valueUri value="Questionnaire-Questionnaire-Item-Extension-Example-Header.html"/></extension><reference><reference value="Questionnaire/Questionnaire-Item-Extension-Example-Header"/></reference><name value="Example : Questionnaire.Item-Header"/><description value="Example : Questionnaire.Item-Header"/><exampleCanonical value="http://science37.com/StructureDefinition/questionnaire-s37"/><groupingId value="-ex-example"/></resource><resource><extension url="http://hl7.org/fhir/StructureDefinition/implementationguide-page"><valueUri value="Questionnaire-Questionnaire-Item-Extension-Example-Image.html"/></extension><reference><reference value="Questionnaire/Questionnaire-Item-Extension-Example-Image"/></reference><name value="Example : Questionnaire.Item-Image"/><description value="Example : Questionnaire.Item-Image"/><exampleCanonical value="http://science37.com/StructureDefinition/questionnaire-s37"/><groupingId value="-ex-example"/></resource><resource><extension url="http://hl7.org/fhir/StructureDefinition/implementationguide-page"><valueUri value="Questionnaire-Questionnaire-Item-Extension-Example-MultiSelect.html"/></extension><reference><reference value="Questionnaire/Questionnaire-Item-Extension-Example-MultiSelect"/></reference><name value="Example : Questionnaire.Item-MultiMultiSelect"/><description value="Example : Questionnaire.Item-MultiSelect"/><exampleCanonical value="http://science37.com/StructureDefinition/questionnaire-s37"/><groupingId value="-ex-example"/></resource><resource><extension url="http://hl7.org/fhir/StructureDefinition/implementationguide-page"><valueUri value="Questionnaire-Questionnaire-Item-Extension-Example-Number-Decimal.html"/></extension><reference><reference value="Questionnaire/Questionnaire-Item-Extension-Example-Number-Decimal"/></reference><name value="Example : Questionnaire.Item-Number-Decimal"/><description value="Example : Questionnaire.Item-Number-Decimal"/><exampleCanonical value="http://science37.com/StructureDefinition/questionnaire-s37"/><groupingId value="-ex-example"/></resource><resource><extension url="http://hl7.org/fhir/StructureDefinition/implementationguide-page"><valueUri value="Questionnaire-Questionnaire-Item-Extension-Example-Number-Integer.html"/></extension><reference><reference value="Questionnaire/Questionnaire-Item-Extension-Example-Number-Integer"/></reference><name value="Example : Questionnaire.Item-Number-Integer"/><description value="Example : Questionnaire.Item-Number-Integer"/><exampleCanonical value="http://science37.com/StructureDefinition/questionnaire-s37"/><groupingId value="-ex-example"/></resource><resource><extension url="http://hl7.org/fhir/StructureDefinition/implementationguide-page"><valueUri value="Questionnaire-Questionnaire-Item-Extension-Example-RatingScale.html"/></extension><reference><reference value="Questionnaire/Questionnaire-Item-Extension-Example-RatingScale"/></reference><name value="Example : Questionnaire.Item-All-RatingScale"/><description value="Example : Questionnaire.Item-All-RatingScale"/><exampleCanonical value="http://science37.com/StructureDefinition/questionnaire-s37"/><groupingId value="-ex-example"/></resource><resource><extension url="http://hl7.org/fhir/StructureDefinition/implementationguide-page"><valueUri value="Questionnaire-Questionnaire-Item-Extension-Example-RichText.html"/></extension><reference><reference value="Questionnaire/Questionnaire-Item-Extension-Example-RichText"/></reference><name value="Example : Questionnaire.Item-RichText"/><description value="Example : Questionnaire.Item-RichText"/><exampleCanonical value="http://science37.com/StructureDefinition/questionnaire-s37"/><groupingId value="-ex-example"/></resource><resource><extension url="http://hl7.org/fhir/StructureDefinition/implementationguide-page"><valueUri value="Questionnaire-Questionnaire-Item-Extension-Example-Select.html"/></extension><reference><reference value="Questionnaire/Questionnaire-Item-Extension-Example-Select"/></reference><name value="Example : Questionnaire.Item-Select"/><description value="Example : Questionnaire.Item-Select"/><exampleCanonical value="http://science37.com/StructureDefinition/questionnaire-s37"/><groupingId value="-ex-example"/></resource><resource><extension url="http://hl7.org/fhir/StructureDefinition/implementationguide-page"><valueUri value="Questionnaire-Questionnaire-Item-Extension-Example-Text.html"/></extension><reference><reference value="Questionnaire/Questionnaire-Item-Extension-Example-Text"/></reference><name value="Example : Questionnaire.Item-Text"/><description value="Example : Questionnaire.Item-Text"/><exampleCanonical value="http://science37.com/StructureDefinition/questionnaire-s37"/><groupingId value="-ex-example"/></resource><resource><extension url="http://hl7.org/fhir/StructureDefinition/implementationguide-page"><valueUri value="Questionnaire-Questionnaire-Item-Extension-Example-TextArea.html"/></extension><reference><reference value="Questionnaire/Questionnaire-Item-Extension-Example-TextArea"/></reference><name value="Example : Questionnaire.Item-All-TextArea"/><description value="Example : Questionnaire.Item-All-TextArea"/><exampleCanonical value="http://science37.com/StructureDefinition/questionnaire-s37"/><groupingId value="-ex-example"/></resource><resource><extension url="http://hl7.org/fhir/StructureDefinition/implementationguide-page"><valueUri value="Questionnaire-Questionnaire-Item-Extension-Example-VASScale.html"/></extension><reference><reference value="Questionnaire/Questionnaire-Item-Extension-Example-VASScale"/></reference><name value="Example : Questionnaire.Item-VASScale"/><description value="Example : Questionnaire.Item-VASScale"/><exampleCanonical value="http://science37.com/StructureDefinition/questionnaire-s37"/><groupingId value="-ex-example"/></resource><resource><extension url="http://hl7.org/fhir/StructureDefinition/implementationguide-page"><valueUri value="Questionnaire-Questionnaire-Item-Extension-Example-derived.html"/></extension><reference><reference value="Questionnaire/Questionnaire-Item-Extension-Example-derived"/></reference><name value="Example : Questionnaire.Item-derived"/><description value="Example : Questionnaire.Item-derived"/><exampleCanonical value="http://science37.com/StructureDefinition/questionnaire-s37"/><groupingId value="-ex-example"/></resource><resource><extension url="http://hl7.org/fhir/StructureDefinition/implementationguide-page"><valueUri value="Questionnaire-Questionnaire-Item-Extension-Example-page-break.html"/></extension><reference><reference value="Questionnaire/Questionnaire-Item-Extension-Example-page-break"/></reference><name value="Example : Questionnaire.Item-page-break"/><description value="Example : Questionnaire.Item-page-break"/><exampleCanonical value="http://science37.com/StructureDefinition/questionnaire-s37"/><groupingId value="-ex-example"/></resource><page><nameUrl value="toc.html"/><title value="Table of Contents"/><generation value="html"/><page><nameUrl value="index.html"/><title value="Home"/><generation value="markdown"/></page><page><nameUrl value="artifacts.html"/><title value="Artifacts Summary"/><generation value="html"/><page><nameUrl value="StructureDefinition-questionnaire-s37.html"/><title value="Profile : Questionnaire.item extensions"/><generation value="generated"/></page><page><nameUrl value="StructureDefinition-datetime-item.html"/><title value="Extension : DateTimeItem Settings "/><generation value="generated"/></page><page><nameUrl value="StructureDefinition-derived-item.html"/><title value="Extension : DerivedItem Settings "/><generation value="generated"/></page><page><nameUrl value="StructureDefinition-form-settings.html"/><title value="Extension : Form Settings "/><generation value="generated"/></page><page><nameUrl value="StructureDefinition-item-settings.html"/><title value="Extension : Item Settings "/><generation value="generated"/></page><page><nameUrl value="StructureDefinition-settings.html"/><title value="Extension : Common Settings "/><generation value="generated"/></page><page><nameUrl value="StructureDefinition-vasScale-item.html"/><title value="Extension : VASScaleItem Settings "/><generation value="generated"/></page><page><nameUrl value="Questionnaire-Questionnaire-Extension-Example.html"/><title value="Example : Questionnaire"/><generation value="generated"/></page><page><nameUrl value="Questionnaire-Questionnaire-Item-Extension-Example-All-SingleItem.html"/><title value="Example : Questionnaire.Item-All-SingleItem"/><generation value="generated"/></page><page><nameUrl value="Questionnaire-Questionnaire-Item-Extension-Example-DateTime.html"/><title value="Example : Questionnaire.Item-Image"/><generation value="generated"/></page><page><nameUrl value="Questionnaire-Questionnaire-Item-Extension-Example-FileUpload.html"/><title value="Example : Questionnaire.Item-FileUpload"/><generation value="generated"/></page><page><nameUrl value="Questionnaire-Questionnaire-Item-Extension-Example-Footer.html"/><title value="Example : Questionnaire.Item-Footer"/><generation value="generated"/></page><page><nameUrl value="Questionnaire-Questionnaire-Item-Extension-Example-Header.html"/><title value="Example : Questionnaire.Item-Header"/><generation value="generated"/></page><page><nameUrl value="Questionnaire-Questionnaire-Item-Extension-Example-Image.html"/><title value="Example : Questionnaire.Item-Image"/><generation value="generated"/></page><page><nameUrl value="Questionnaire-Questionnaire-Item-Extension-Example-MultiSelect.html"/><title value="Example : Questionnaire.Item-MultiMultiSelect"/><generation value="generated"/></page><page><nameUrl value="Questionnaire-Questionnaire-Item-Extension-Example-Number-Decimal.html"/><title value="Example : Questionnaire.Item-Number-Decimal"/><generation value="generated"/></page><page><nameUrl value="Questionnaire-Questionnaire-Item-Extension-Example-Number-Integer.html"/><title value="Example : Questionnaire.Item-Number-Integer"/><generation value="generated"/></page><page><nameUrl value="Questionnaire-Questionnaire-Item-Extension-Example-RatingScale.html"/><title value="Example : Questionnaire.Item-All-RatingScale"/><generation value="generated"/></page><page><nameUrl value="Questionnaire-Questionnaire-Item-Extension-Example-RichText.html"/><title value="Example : Questionnaire.Item-RichText"/><generation value="generated"/></page><page><nameUrl value="Questionnaire-Questionnaire-Item-Extension-Example-Select.html"/><title value="Example : Questionnaire.Item-Select"/><generation value="generated"/></page><page><nameUrl value="Questionnaire-Questionnaire-Item-Extension-Example-Text.html"/><title value="Example : Questionnaire.Item-Text"/><generation value="generated"/></page><page><nameUrl value="Questionnaire-Questionnaire-Item-Extension-Example-TextArea.html"/><title value="Example : Questionnaire.Item-All-TextArea"/><generation value="generated"/></page><page><nameUrl value="Questionnaire-Questionnaire-Item-Extension-Example-VASScale.html"/><title value="Example : Questionnaire.Item-VASScale"/><generation value="generated"/></page><page><nameUrl value="Questionnaire-Questionnaire-Item-Extension-Example-derived.html"/><title value="Example : Questionnaire.Item-derived"/><generation value="generated"/></page><page><nameUrl value="Questionnaire-Questionnaire-Item-Extension-Example-page-break.html"/><title value="Example : Questionnaire.Item-page-break"/><generation value="generated"/></page></page></page><parameter><code value="path-resource"/><value value="input/capabilities"/></parameter><parameter><code value="path-resource"/><value value="input/examples"/></parameter><parameter><code value="path-resource"/><value value="input/extensions"/></parameter><parameter><code value="path-resource"/><value value="input/models"/></parameter><parameter><code value="path-resource"/><value value="input/operations"/></parameter><parameter><code value="path-resource"/><value value="input/profiles"/></parameter><parameter><code value="path-resource"/><value value="input/resources"/></parameter><parameter><code value="path-resource"/><value value="input/vocabulary"/></parameter><parameter><code value="path-resource"/><value value="input/maps"/></parameter><parameter><code value="path-resource"/><value value="input/testing"/></parameter><parameter><code value="path-resource"/><value value="input/history"/></parameter><parameter><code value="path-resource"/><value value="fsh-generated/resources"/></parameter><parameter><code value="path-pages"/><value value="template/config"/></parameter><parameter><code value="path-pages"/><value value="input/images"/></parameter><parameter><code value="path-tx-cache"/><value value="input-cache/txcache"/></parameter></definition></ImplementationGuide>