<?xml version="1.0" encoding="UTF-8"?><PlanDefinition xmlns="http://hl7.org/fhir"><id value="PlanDefintion-MASTERVISITPLAN-Example"/><meta><profile value="http://science37.com/StructureDefinition/plan-definition-s37"/></meta><extension url="http://science37.com/StructureDefinition/parent-reference"><extension url="master"><valueString value="449e0f70-9c78-11eb-a748-70b5e89dfcd9"/></extension></extension><extension url="http://science37.com/StructureDefinition/datetime"><extension url="created"><valueDateTime value="2020-10-07T04:52:47Z"/></extension><extension url="updated"><valueDateTime value="2020-10-07T04:52:47Z"/></extension></extension><extension url="http://science37.com/StructureDefinition/audit-trail-version"><valueString value="1.0.2"/></extension><extension url="http://science37.com/StructureDefinition/protocal-version"><valueString value="1.0.2"/></extension><extension url="http://science37.com/StructureDefinition/day-zero"><extension url="visit-oid"><valueString value="ELIG_V"/></extension><extension url="visit-id"><valueString value="e358d87d-d340-43eb-ae17-fabe787cq002"/></extension><extension url="visit-title"><valueString value="Eligibility Visit"/></extension><extension url="form-id"><valueString value="e358d87d-d340-43eb-ae17-fabe787cq002"/></extension><extension url="form-title"><valueString value="Form-a"/></extension><extension url="form-version"><valueString value="1.0"/></extension><extension url="form-day0-date-field-id"><valueString value="e358d87d-d340-43eb-ae17-fabe787cq009"/></extension><extension url="form-day0-date-field-name"><valueString value="day-0-date"/></extension></extension><url value="http://science37.com/PlanDefinition/PlanDefintion-MASTERVISITPLAN-Example"/><version value="1.0.0-S37"/><name value="MASTER_VISIT_PLAN"/><status value="draft"/><date value="2022-04-19T16:43:07+00:00"/><publisher value="Science37"/><contact><name value="Science37"/><telecom><system value="url"/><value value="http://science37.com/publisher"/></telecom></contact><action><definitionUri value="EXPECTED_VISIT_PLAN/e358d87d-d340-43eb-ae17-fabe787cf001"/></action><action><definitionUri value="ALTERNATIVE_VISIT_PLAN/e358d87d-d340-43eb-ae17-fabe787cf002"/></action><action><definitionUri value="UNSCHEDULED_VISIT/e358d87d-d340-43eb-ae17-fabe787cf004"/></action><action><definitionUri value="RECURRING_FORMS_LIST/f358d87d-d340-43eb-ae17-fabe787cf001"/></action><action><definitionUri value="ADHOC_FORMS_LIST/f358d87d-d340-43eb-ae17-fabe787cf001"/></action><action><definitionUri value="ONGOING_FORMS_LIST/f358d87d-d340-43eb-ae17-fabe787cf001"/></action></PlanDefinition>