<?xml version="1.0" encoding="UTF-8"?><Questionnaire xmlns="http://hl7.org/fhir"><id value="Questionnaire-Item-Extension-Example-MultiSelect"/><meta><profile value="http://science37.com/fhir/StructureDefinition/questionnaire-s37"/></meta><text><status value="generated"/><div xmlns="http://www.w3.org/1999/xhtml"><b>Structure</b><table border="1" cellpadding="0" cellspacing="0" style="border: 1px #F0F0F0 solid; font-size: 11px; font-family: verdana; vertical-align: top;"><tr style="border: 2px #F0F0F0 solid; font-size: 11px; font-family: verdana; vertical-align: top"><th style="vertical-align: top; text-align : left; background-color: white; border: 1px #F0F0F0 solid; padding:0px 4px 0px 4px" class="hierarchy"><a href="http://hl7.org/fhir/R4/formats.html#table" title="The linkId for the item">LinkId</a></th><th style="vertical-align: top; text-align : left; background-color: white; border: 1px #F0F0F0 solid; padding:0px 4px 0px 4px" class="hierarchy"><a href="http://hl7.org/fhir/R4/formats.html#table" title="Text for the item">Text</a></th><th style="vertical-align: top; text-align : left; background-color: white; border: 1px #F0F0F0 solid; padding:0px 4px 0px 4px" class="hierarchy"><a href="http://hl7.org/fhir/R4/formats.html#table" title="Minimum and Maximum # of times the the itemcan appear in the instance">Cardinality</a></th><th style="vertical-align: top; text-align : left; background-color: white; border: 1px #F0F0F0 solid; padding:0px 4px 0px 4px" class="hierarchy"><a href="http://hl7.org/fhir/R4/formats.html#table" title="The type of the item">Type</a></th><th style="vertical-align: top; text-align : left; background-color: white; border: 1px #F0F0F0 solid; padding:0px 4px 0px 4px" class="hierarchy"><a href="http://hl7.org/fhir/R4/formats.html#table" title="Additional information about the item">Description &amp; Constraints</a><span style="float: right"><a href="http://hl7.org/fhir/R4/formats.html#table" title="Legend for this format"><img src="http://hl7.org/fhir/R4/help16.png" alt="doco" style="background-color: inherit"/></a></span></th></tr><tr style="border: 1px #F0F0F0 solid; padding:0px; vertical-align: top; background-color: white"><td style="vertical-align: top; text-align : left; background-color: white; border: 1px #F0F0F0 solid; padding:0px 4px 0px 4px; white-space: nowrap; background-image: url(tbl_bck1.png)" class="hierarchy"><img src="tbl_spacer.png" alt="." style="background-color: inherit" class="hierarchy"/><img src="icon_q_root.gif" alt="." style="background-color: white; background-color: inherit" title="QuestionnaireRoot" class="hierarchy"/> Example : Questionnaire.Item MultiSelect</td><td style="vertical-align: top; text-align : left; background-color: white; border: 1px #F0F0F0 solid; padding:0px 4px 0px 4px" class="hierarchy"/><td style="vertical-align: top; text-align : left; background-color: white; border: 1px #F0F0F0 solid; padding:0px 4px 0px 4px" class="hierarchy"></td><td style="vertical-align: top; text-align : left; background-color: white; border: 1px #F0F0F0 solid; padding:0px 4px 0px 4px" class="hierarchy">Questionnaire</td><td style="vertical-align: top; text-align : left; background-color: white; border: 1px #F0F0F0 solid; padding:0px 4px 0px 4px" class="hierarchy">http://science37.com/fhir/Questionnaire/Questionnaire-Item-Extension-Example-MultiSelect#1.0.0-S37</td></tr>
<tr style="border: 1px #F0F0F0 solid; padding:0px; vertical-align: top; background-color: #F7F7F7"><td id="item.__S37-form-fields-fe09fa6etoe32w9s" style="vertical-align: top; text-align : left; background-color: #F7F7F7; border: 1px #F0F0F0 solid; padding:0px 4px 0px 4px; white-space: nowrap; background-image: url(tbl_bck00.png)" class="hierarchy"><img src="tbl_spacer.png" alt="." style="background-color: inherit" class="hierarchy"/><img src="tbl_vjoin_end.png" alt="." style="background-color: inherit" class="hierarchy"/><img src="icon-q-coding.png" alt="." style="background-color: #F7F7F7; background-color: inherit" title="Coding" class="hierarchy"/> __S37-form-fields-fe09fa6etoe32w9s</td><td style="vertical-align: top; text-align : left; background-color: #F7F7F7; border: 1px #F0F0F0 solid; padding:0px 4px 0px 4px" class="hierarchy">&lt;p style=&quot;text-align:left;&quot;&gt;&lt;strong&gt;What is you current mood?&lt;/strong&gt;&lt;/p&gt;</td><td style="vertical-align: top; text-align : left; background-color: #F7F7F7; border: 1px #F0F0F0 solid; padding:0px 4px 0px 4px" class="hierarchy">1..*</td><td style="vertical-align: top; text-align : left; background-color: #F7F7F7; border: 1px #F0F0F0 solid; padding:0px 4px 0px 4px" class="hierarchy"><a href="http://hl7.org/fhir/R4/codesystem-item-type.html#item-type-choice">choice</a></td><td style="vertical-align: top; text-align : left; background-color: #F7F7F7; border: 1px #F0F0F0 solid; padding:0px 4px 0px 4px" class="hierarchy">Definition: https://science37.com/NG/widget/id/MultiSelect/version/2.3<br/>Options: <a href="#opt-item.__S37-form-fields-fe09fa6etoe32w9s">4 options</a><br/>Initial Value: string = 554</td></tr>
<tr><td colspan="5" class="hierarchy"><br/><a href="http://hl7.org/fhir/R4/formats.html#table" title="Legend for this format"><img src="http://hl7.org/fhir/R4/help16.png" alt="doco" style="background-color: inherit"/> Documentation for this format</a></td></tr></table><hr/><p><b>Option Sets</b></p><a name="opt-item.__S37-form-fields-fe09fa6etoe32w9s"> </a><p><b>Answer options for __S37-form-fields-fe09fa6etoe32w9s</b></p><ul><li style="font-size: 11px">null#1 (&quot;1&quot;)</li><li style="font-size: 11px">null#2 (&quot;2&quot;)</li><li style="font-size: 11px">null#3 (&quot;3&quot;)</li><li style="font-size: 11px">null#554 (&quot;554&quot;)</li></ul></div></text><url value="http://science37.com/fhir/Questionnaire/Questionnaire-Item-Extension-Example-MultiSelect"/><identifier><value value="Form ID"/></identifier><version value="1.0.0-S37"/><name value="Example : Questionnaire.Item MultiSelect"/><title value="Example : Questionnaire.Item MultiSelect"/><status value="draft"/><subjectType value="Patient"/><date value="2022-04-19T19:15:24+00:00"/><publisher value="Science37"/><contact><name value="Science37"/><telecom><system value="url"/><value value="http://science37.com/publisher"/></telecom></contact><item><extension url="http://hl7.org/fhir/StructureDefinition/questionnaire-hidden"><valueBoolean value="false"/></extension><extension url="http://science37.com/fhir/StructureDefinition/observation-Extract"><valueBoolean value="true"/></extension><extension url="http://hl7.org/fhir/StructureDefinition/questionnaire-itemControl"><valueCodeableConcept><coding><system value="http://hl7.org/fhir/questionnaire-item-control"/><code value="check-box"/><display value="Check Box"/></coding><text value="check-box"/></valueCodeableConcept></extension><extension url="http://science37.com/fhir/StructureDefinition/item-settings"><extension url="version"><valueId value="1.0.1-MultiSelect-Version"/></extension><extension url="OID"><valueString value="MultiSelect_OID"/></extension><extension url="title"><valueString value="MultiSelect_TITLE"/></extension><extension url="variableName"><valueString value="NOT Assigned by DD"/></extension><extension url="standardVariable"><valueString value="MultiSelect_STD_VAR"/></extension><extension url="fieldCode"><valueString value="NOT Assigned by DD"/></extension><extension url="description"><valueString value="MultiSelect_DESC"/></extension><extension url="maxLength"><valueInteger value="254"/></extension></extension><linkId value="__S37-form-fields-fe09fa6etoe32w9s"/><definition value="https://science37.com/NG/widget/id/MultiSelect/version/2.3"/><text value="&lt;p style=&quot;text-align:left;&quot;&gt;&lt;strong&gt;What is you current mood?&lt;/strong&gt;&lt;/p&gt;"/><type value="choice"/><required value="true"/><repeats value="true"/><answerOption><valueCoding><code value="1"/><display value="1"/></valueCoding></answerOption><answerOption><valueCoding><code value="2"/><display value="2"/></valueCoding></answerOption><answerOption><valueCoding><code value="3"/><display value="3"/></valueCoding></answerOption><answerOption><valueCoding><code value="554"/><display value="554"/></valueCoding></answerOption><initial><valueString value="554"/></initial></item></Questionnaire>