<?xml version="1.0" encoding="UTF-8"?><Questionnaire xmlns="http://hl7.org/fhir"><id value="Questionnaire-Item-Extension-Example-All-SingleItem"/><meta><versionId value="1.0.0-S37"/><profile value="http://science37.com/StructureDefinition/questionnaire-s37"/></meta><text><status value="generated"/><div xmlns="http://www.w3.org/1999/xhtml"><table border="1" cellpadding="0" cellspacing="0" style="border: 1px #F0F0F0 solid; font-size: 11px; font-family: verdana; vertical-align: top;"><tr style="border: 2px #F0F0F0 solid; font-size: 11px; font-family: verdana; vertical-align: top"><th style="vertical-align: top; text-align : left; background-color: white; border: 1px #F0F0F0 solid; padding:0px 4px 0px 4px" class="hierarchy"><a href="http://hl7.org/fhir/R4/formats.html#table" title="The linkId for the item">LinkId</a></th><th style="vertical-align: top; text-align : left; background-color: white; border: 1px #F0F0F0 solid; padding:0px 4px 0px 4px" class="hierarchy"><a href="http://hl7.org/fhir/R4/formats.html#table" title="Text for the item">Text</a></th><th style="vertical-align: top; text-align : left; background-color: white; border: 1px #F0F0F0 solid; padding:0px 4px 0px 4px" class="hierarchy"><a href="http://hl7.org/fhir/R4/formats.html#table" title="Minimum and Maximum # of times the the itemcan appear in the instance">Cardinality</a></th><th style="vertical-align: top; text-align : left; background-color: white; border: 1px #F0F0F0 solid; padding:0px 4px 0px 4px" class="hierarchy"><a href="http://hl7.org/fhir/R4/formats.html#table" title="The type of the item">Type</a></th><th style="vertical-align: top; text-align : left; background-color: white; border: 1px #F0F0F0 solid; padding:0px 4px 0px 4px" class="hierarchy"><a href="http://hl7.org/fhir/R4/formats.html#table" title="Additional information about the item">Description &amp; Constraints</a><span style="float: right"><a href="http://hl7.org/fhir/R4/formats.html#table" title="Legend for this format"><img src="http://hl7.org/fhir/R4/help16.png" alt="doco" style="background-color: inherit"/></a></span></th></tr><tr style="border: 1px #F0F0F0 solid; padding:0px; vertical-align: top; background-color: white"><td style="vertical-align: top; text-align : left; background-color: white; border: 1px #F0F0F0 solid; padding:0px 4px 0px 4px; white-space: nowrap; background-image: url(tbl_bck1.png)" class="hierarchy"><img src="tbl_spacer.png" alt="." style="background-color: inherit" class="hierarchy"/><img src="icon_q_root.gif" alt="." style="background-color: white; background-color: inherit" title="QuestionnaireRoot" class="hierarchy"/> Example : Questionnaire.Item</td><td style="vertical-align: top; text-align : left; background-color: white; border: 1px #F0F0F0 solid; padding:0px 4px 0px 4px" class="hierarchy"/><td style="vertical-align: top; text-align : left; background-color: white; border: 1px #F0F0F0 solid; padding:0px 4px 0px 4px" class="hierarchy"></td><td style="vertical-align: top; text-align : left; background-color: white; border: 1px #F0F0F0 solid; padding:0px 4px 0px 4px" class="hierarchy">Questionnaire</td><td style="vertical-align: top; text-align : left; background-color: white; border: 1px #F0F0F0 solid; padding:0px 4px 0px 4px" class="hierarchy">http://science37.com/Questionnaire/Questionnaire-Item-Extension-Example-All-SingleItem#1.0.0-S37</td></tr>
<tr style="border: 1px #F0F0F0 solid; padding:0px; vertical-align: top; background-color: #F7F7F7"><td id="item.__S37-form-fields-qo3cyvy8fgh" style="vertical-align: top; text-align : left; background-color: #F7F7F7; border: 1px #F0F0F0 solid; padding:0px 4px 0px 4px; white-space: nowrap; background-image: url(tbl_bck11.png)" class="hierarchy"><img src="tbl_spacer.png" alt="." style="background-color: inherit" class="hierarchy"/><img src="tbl_vjoin.png" alt="." style="background-color: inherit" class="hierarchy"/><img src="icon-q-datetime.png" alt="." style="background-color: #F7F7F7; background-color: inherit" title="Date Time" class="hierarchy"/> __S37-form-fields-qo3cyvy8fgh</td><td style="vertical-align: top; text-align : left; background-color: #F7F7F7; border: 1px #F0F0F0 solid; padding:0px 4px 0px 4px" class="hierarchy">&lt;p style=&quot;text-align:left;&quot;&gt;&lt;strong&gt;DATE_TIME_LABEL&lt;/strong&gt;&lt;/p&gt;</td><td style="vertical-align: top; text-align : left; background-color: #F7F7F7; border: 1px #F0F0F0 solid; padding:0px 4px 0px 4px" class="hierarchy">1..1</td><td style="vertical-align: top; text-align : left; background-color: #F7F7F7; border: 1px #F0F0F0 solid; padding:0px 4px 0px 4px" class="hierarchy"><a href="http://hl7.org/fhir/R4/codesystem-item-type.html#item-type-dateTime">dateTime</a></td><td style="vertical-align: top; text-align : left; background-color: #F7F7F7; border: 1px #F0F0F0 solid; padding:0px 4px 0px 4px" class="hierarchy">Max Length: 22<br/>Definition: https://science37.com/NG/widget/id/text/version/2.3<br/>Initial Value: string =  Replacement for defaultPlaceholder</td></tr>
<tr style="border: 1px #F0F0F0 solid; padding:0px; vertical-align: top; background-color: white"><td id="item.__S37-form-fields-1nhurf7a3d8" style="vertical-align: top; text-align : left; background-color: white; border: 1px #F0F0F0 solid; padding:0px 4px 0px 4px; white-space: nowrap; background-image: url(tbl_bck100.png)" class="hierarchy"><img src="tbl_spacer.png" alt="." style="background-color: inherit" class="hierarchy"/><img src="tbl_vline.png" alt="." style="background-color: inherit" class="hierarchy"/><img src="tbl_vjoin_end.png" alt="." style="background-color: inherit" class="hierarchy"/><img src="icon-q-text.png" alt="." style="background-color: white; background-color: inherit" title="Text" class="hierarchy"/> __S37-form-fields-1nhurf7a3d8</td><td style="vertical-align: top; text-align : left; background-color: white; border: 1px #F0F0F0 solid; padding:0px 4px 0px 4px" class="hierarchy">&lt;p style=&quot;text-align:left;&quot;&gt;&lt;strong&gt;TEXT_AREA_LABEL&lt;/strong&gt;&lt;/p&gt;</td><td style="vertical-align: top; text-align : left; background-color: white; border: 1px #F0F0F0 solid; padding:0px 4px 0px 4px" class="hierarchy">1..1</td><td style="vertical-align: top; text-align : left; background-color: white; border: 1px #F0F0F0 solid; padding:0px 4px 0px 4px" class="hierarchy"><a href="http://hl7.org/fhir/R4/codesystem-item-type.html#item-type-text">text</a></td><td style="vertical-align: top; text-align : left; background-color: white; border: 1px #F0F0F0 solid; padding:0px 4px 0px 4px" class="hierarchy">Definition: https://science37.com/NG/widget/id/richText/version/2.3</td></tr>
<tr style="border: 1px #F0F0F0 solid; padding:0px; vertical-align: top; background-color: #F7F7F7"><td id="item.__S37-form-fields-q6zbrgullmr" style="vertical-align: top; text-align : left; background-color: #F7F7F7; border: 1px #F0F0F0 solid; padding:0px 4px 0px 4px; white-space: nowrap; background-image: url(tbl_bck10.png)" class="hierarchy"><img src="tbl_spacer.png" alt="." style="background-color: inherit" class="hierarchy"/><img src="tbl_vjoin.png" alt="." style="background-color: inherit" class="hierarchy"/><img src="icon-q-attachment.png" alt="." style="background-color: #F7F7F7; background-color: inherit" title="Attachment" class="hierarchy"/> __S37-form-fields-q6zbrgullmr</td><td style="vertical-align: top; text-align : left; background-color: #F7F7F7; border: 1px #F0F0F0 solid; padding:0px 4px 0px 4px" class="hierarchy">&lt;p style=&quot;text-align:left;&quot;&gt;&lt;strong&gt;FILE_UPLOAD_LABEL&lt;/strong&gt;&lt;/p&gt;</td><td style="vertical-align: top; text-align : left; background-color: #F7F7F7; border: 1px #F0F0F0 solid; padding:0px 4px 0px 4px" class="hierarchy">1..1</td><td style="vertical-align: top; text-align : left; background-color: #F7F7F7; border: 1px #F0F0F0 solid; padding:0px 4px 0px 4px" class="hierarchy"><a href="http://hl7.org/fhir/R4/codesystem-item-type.html#item-type-attachment">attachment</a></td><td style="vertical-align: top; text-align : left; background-color: #F7F7F7; border: 1px #F0F0F0 solid; padding:0px 4px 0px 4px" class="hierarchy">Definition: https://science37.com/NG/widget/id/text/version/2.3</td></tr>
<tr style="border: 1px #F0F0F0 solid; padding:0px; vertical-align: top; background-color: white"><td id="item.isdfu9s0df8us8dfy" style="vertical-align: top; text-align : left; background-color: white; border: 1px #F0F0F0 solid; padding:0px 4px 0px 4px; white-space: nowrap; background-image: url(tbl_bck10.png)" class="hierarchy"><img src="tbl_spacer.png" alt="." style="background-color: inherit" class="hierarchy"/><img src="tbl_vjoin.png" alt="." style="background-color: inherit" class="hierarchy"/><img src="icon-q-attachment.png" alt="." style="background-color: white; background-color: inherit" title="Attachment" class="hierarchy"/> isdfu9s0df8us8dfy</td><td style="vertical-align: top; text-align : left; background-color: white; border: 1px #F0F0F0 solid; padding:0px 4px 0px 4px" class="hierarchy">Item Text Value</td><td style="vertical-align: top; text-align : left; background-color: white; border: 1px #F0F0F0 solid; padding:0px 4px 0px 4px" class="hierarchy">1..1</td><td style="vertical-align: top; text-align : left; background-color: white; border: 1px #F0F0F0 solid; padding:0px 4px 0px 4px" class="hierarchy"><a href="http://hl7.org/fhir/R4/codesystem-item-type.html#item-type-attachment">attachment</a></td><td style="vertical-align: top; text-align : left; background-color: white; border: 1px #F0F0F0 solid; padding:0px 4px 0px 4px" class="hierarchy">Max Length: 22<br/>Definition: https://science37.com/NG/widget/id/text/version/2.3<br/>Initial Value: string =  Replacement for defaultPlaceholder</td></tr>
<tr style="border: 1px #F0F0F0 solid; padding:0px; vertical-align: top; background-color: #F7F7F7"><td id="item.__S37-form-fields-jntlfakzc05" style="vertical-align: top; text-align : left; background-color: #F7F7F7; border: 1px #F0F0F0 solid; padding:0px 4px 0px 4px; white-space: nowrap; background-image: url(tbl_bck10.png)" class="hierarchy"><img src="tbl_spacer.png" alt="." style="background-color: inherit" class="hierarchy"/><img src="tbl_vjoin.png" alt="." style="background-color: inherit" class="hierarchy"/><img src="icon-q-decimal.png" alt="." style="background-color: #F7F7F7; background-color: inherit" title="Decimal" class="hierarchy"/> __S37-form-fields-jntlfakzc05</td><td style="vertical-align: top; text-align : left; background-color: #F7F7F7; border: 1px #F0F0F0 solid; padding:0px 4px 0px 4px" class="hierarchy">&lt;p style=&quot;text-align:left;&quot;&gt;&lt;strong&gt;NUMBER_LABEL&lt;/strong&gt;&lt;/p&gt;</td><td style="vertical-align: top; text-align : left; background-color: #F7F7F7; border: 1px #F0F0F0 solid; padding:0px 4px 0px 4px" class="hierarchy">1..1</td><td style="vertical-align: top; text-align : left; background-color: #F7F7F7; border: 1px #F0F0F0 solid; padding:0px 4px 0px 4px" class="hierarchy"><a href="http://hl7.org/fhir/R4/codesystem-item-type.html#item-type-decimal">decimal</a></td><td style="vertical-align: top; text-align : left; background-color: #F7F7F7; border: 1px #F0F0F0 solid; padding:0px 4px 0px 4px" class="hierarchy">Definition: https://science37.com/NG/widget/id/richText/version/2.3<br/>Initial Value: decimal = 1.01</td></tr>
<tr style="border: 1px #F0F0F0 solid; padding:0px; vertical-align: top; background-color: white"><td id="item.__S37-form-fields-jntlfakzc05" style="vertical-align: top; text-align : left; background-color: white; border: 1px #F0F0F0 solid; padding:0px 4px 0px 4px; white-space: nowrap; background-image: url(tbl_bck10.png)" class="hierarchy"><img src="tbl_spacer.png" alt="." style="background-color: inherit" class="hierarchy"/><img src="tbl_vjoin.png" alt="." style="background-color: inherit" class="hierarchy"/><img src="icon-q-integer.png" alt="." style="background-color: white; background-color: inherit" title="Integer" class="hierarchy"/> __S37-form-fields-jntlfakzc05</td><td style="vertical-align: top; text-align : left; background-color: white; border: 1px #F0F0F0 solid; padding:0px 4px 0px 4px" class="hierarchy">&lt;p style=&quot;text-align:left;&quot;&gt;&lt;strong&gt;NUMBER_LABEL&lt;/strong&gt;&lt;/p&gt;</td><td style="vertical-align: top; text-align : left; background-color: white; border: 1px #F0F0F0 solid; padding:0px 4px 0px 4px" class="hierarchy">1..1</td><td style="vertical-align: top; text-align : left; background-color: white; border: 1px #F0F0F0 solid; padding:0px 4px 0px 4px" class="hierarchy"><a href="http://hl7.org/fhir/R4/codesystem-item-type.html#item-type-integer">integer</a></td><td style="vertical-align: top; text-align : left; background-color: white; border: 1px #F0F0F0 solid; padding:0px 4px 0px 4px" class="hierarchy">Definition: https://science37.com/NG/widget/id/richText/version/2.3<br/>Initial Value: integer = 10</td></tr>
<tr style="border: 1px #F0F0F0 solid; padding:0px; vertical-align: top; background-color: #F7F7F7"><td id="item.__S37-form-fields-6qupvhtl05b" style="vertical-align: top; text-align : left; background-color: #F7F7F7; border: 1px #F0F0F0 solid; padding:0px 4px 0px 4px; white-space: nowrap; background-image: url(tbl_bck10.png)" class="hierarchy"><img src="tbl_spacer.png" alt="." style="background-color: inherit" class="hierarchy"/><img src="tbl_vjoin.png" alt="." style="background-color: inherit" class="hierarchy"/><img src="icon-q-group.png" alt="." style="background-color: #F7F7F7; background-color: inherit" title="Group" class="hierarchy"/> __S37-form-fields-6qupvhtl05b</td><td style="vertical-align: top; text-align : left; background-color: #F7F7F7; border: 1px #F0F0F0 solid; padding:0px 4px 0px 4px" class="hierarchy">&lt;p style=&quot;text-align:left;&quot;&gt;&lt;strong&gt;NRS_LABEL&lt;/strong&gt;&lt;/p&gt;</td><td style="vertical-align: top; text-align : left; background-color: #F7F7F7; border: 1px #F0F0F0 solid; padding:0px 4px 0px 4px" class="hierarchy">1..1</td><td style="vertical-align: top; text-align : left; background-color: #F7F7F7; border: 1px #F0F0F0 solid; padding:0px 4px 0px 4px" class="hierarchy"><a href="http://hl7.org/fhir/R4/codesystem-item-type.html#item-type-question">question</a></td><td style="vertical-align: top; text-align : left; background-color: #F7F7F7; border: 1px #F0F0F0 solid; padding:0px 4px 0px 4px" class="hierarchy">Definition: https://science37.com/NG/widget/id/richText/version/2.3</td></tr>
<tr style="border: 1px #F0F0F0 solid; padding:0px; vertical-align: top; background-color: white"><td id="item.__S37-form-fields-fe09fa6eto33" style="vertical-align: top; text-align : left; background-color: white; border: 1px #F0F0F0 solid; padding:0px 4px 0px 4px; white-space: nowrap; background-image: url(tbl_bck11.png)" class="hierarchy"><img src="tbl_spacer.png" alt="." style="background-color: inherit" class="hierarchy"/><img src="tbl_vjoin.png" alt="." style="background-color: inherit" class="hierarchy"/><img src="icon-q-display.png" alt="." style="background-color: white; background-color: inherit" title="Display" class="hierarchy"/> __S37-form-fields-fe09fa6eto33</td><td style="vertical-align: top; text-align : left; background-color: white; border: 1px #F0F0F0 solid; padding:0px 4px 0px 4px" class="hierarchy">null</td><td style="vertical-align: top; text-align : left; background-color: white; border: 1px #F0F0F0 solid; padding:0px 4px 0px 4px" class="hierarchy">0..1</td><td style="vertical-align: top; text-align : left; background-color: white; border: 1px #F0F0F0 solid; padding:0px 4px 0px 4px" class="hierarchy"><a href="http://hl7.org/fhir/R4/codesystem-item-type.html#item-type-display">display</a></td><td style="vertical-align: top; text-align : left; background-color: white; border: 1px #F0F0F0 solid; padding:0px 4px 0px 4px" class="hierarchy"/></tr>
<tr style="border: 1px #F0F0F0 solid; padding:0px; vertical-align: top; background-color: #F7F7F7"><td id="item.__S37-form-fields-fe09fa6eto2" style="vertical-align: top; text-align : left; background-color: #F7F7F7; border: 1px #F0F0F0 solid; padding:0px 4px 0px 4px; white-space: nowrap; background-image: url(tbl_bck100.png)" class="hierarchy"><img src="tbl_spacer.png" alt="." style="background-color: inherit" class="hierarchy"/><img src="tbl_vline.png" alt="." style="background-color: inherit" class="hierarchy"/><img src="tbl_vjoin_end.png" alt="." style="background-color: inherit" class="hierarchy"/><img src="icon-q-text.png" alt="." style="background-color: #F7F7F7; background-color: inherit" title="Text" class="hierarchy"/> __S37-form-fields-fe09fa6eto2</td><td style="vertical-align: top; text-align : left; background-color: #F7F7F7; border: 1px #F0F0F0 solid; padding:0px 4px 0px 4px" class="hierarchy">&lt;p style=&quot;text-align:left;&quot;&gt;&lt;strong&gt;Rich Text Area data&lt;/strong&gt;&lt;/p&gt;</td><td style="vertical-align: top; text-align : left; background-color: #F7F7F7; border: 1px #F0F0F0 solid; padding:0px 4px 0px 4px" class="hierarchy">1..1</td><td style="vertical-align: top; text-align : left; background-color: #F7F7F7; border: 1px #F0F0F0 solid; padding:0px 4px 0px 4px" class="hierarchy"><a href="http://hl7.org/fhir/R4/codesystem-item-type.html#item-type-text">text</a></td><td style="vertical-align: top; text-align : left; background-color: #F7F7F7; border: 1px #F0F0F0 solid; padding:0px 4px 0px 4px" class="hierarchy">Definition: https://science37.com/NG/widget/id/richText/version/2.3</td></tr>
<tr style="border: 1px #F0F0F0 solid; padding:0px; vertical-align: top; background-color: white"><td id="item.isdfu9s0df8us8dfy" style="vertical-align: top; text-align : left; background-color: white; border: 1px #F0F0F0 solid; padding:0px 4px 0px 4px; white-space: nowrap; background-image: url(tbl_bck11.png)" class="hierarchy"><img src="tbl_spacer.png" alt="." style="background-color: inherit" class="hierarchy"/><img src="tbl_vjoin.png" alt="." style="background-color: inherit" class="hierarchy"/><img src="icon-q-group.png" alt="." style="background-color: white; background-color: inherit" title="Group" class="hierarchy"/> isdfu9s0df8us8dfy</td><td style="vertical-align: top; text-align : left; background-color: white; border: 1px #F0F0F0 solid; padding:0px 4px 0px 4px" class="hierarchy">null</td><td style="vertical-align: top; text-align : left; background-color: white; border: 1px #F0F0F0 solid; padding:0px 4px 0px 4px" class="hierarchy">0..1</td><td style="vertical-align: top; text-align : left; background-color: white; border: 1px #F0F0F0 solid; padding:0px 4px 0px 4px" class="hierarchy"><a href="http://hl7.org/fhir/R4/codesystem-item-type.html#item-type-question">question</a></td><td style="vertical-align: top; text-align : left; background-color: white; border: 1px #F0F0F0 solid; padding:0px 4px 0px 4px" class="hierarchy"/></tr>
<tr style="border: 1px #F0F0F0 solid; padding:0px; vertical-align: top; background-color: #F7F7F7"><td id="item.isdfu9s0df8us8dfy-222" style="vertical-align: top; text-align : left; background-color: #F7F7F7; border: 1px #F0F0F0 solid; padding:0px 4px 0px 4px; white-space: nowrap; background-image: url(tbl_bck100.png)" class="hierarchy"><img src="tbl_spacer.png" alt="." style="background-color: inherit" class="hierarchy"/><img src="tbl_vline.png" alt="." style="background-color: inherit" class="hierarchy"/><img src="tbl_vjoin_end.png" alt="." style="background-color: inherit" class="hierarchy"/><img src="icon-q-text.png" alt="." style="background-color: #F7F7F7; background-color: inherit" title="Text" class="hierarchy"/> isdfu9s0df8us8dfy-222</td><td style="vertical-align: top; text-align : left; background-color: #F7F7F7; border: 1px #F0F0F0 solid; padding:0px 4px 0px 4px" class="hierarchy">Describe your current mood.</td><td style="vertical-align: top; text-align : left; background-color: #F7F7F7; border: 1px #F0F0F0 solid; padding:0px 4px 0px 4px" class="hierarchy">1..1</td><td style="vertical-align: top; text-align : left; background-color: #F7F7F7; border: 1px #F0F0F0 solid; padding:0px 4px 0px 4px" class="hierarchy"><a href="http://hl7.org/fhir/R4/codesystem-item-type.html#item-type-text">text</a></td><td style="vertical-align: top; text-align : left; background-color: #F7F7F7; border: 1px #F0F0F0 solid; padding:0px 4px 0px 4px" class="hierarchy">Definition: https://science37.com/NG/widget/id/text/version/2.3<br/>Initial Value: string =  Replacement for defaultPlaceholder</td></tr>
<tr style="border: 1px #F0F0F0 solid; padding:0px; vertical-align: top; background-color: white"><td id="item.__S37-form-fields-1nhurf723d8" style="vertical-align: top; text-align : left; background-color: white; border: 1px #F0F0F0 solid; padding:0px 4px 0px 4px; white-space: nowrap; background-image: url(tbl_bck10.png)" class="hierarchy"><img src="tbl_spacer.png" alt="." style="background-color: inherit" class="hierarchy"/><img src="tbl_vjoin.png" alt="." style="background-color: inherit" class="hierarchy"/><img src="icon-q-group.png" alt="." style="background-color: white; background-color: inherit" title="Group" class="hierarchy"/> __S37-form-fields-1nhurf723d8</td><td style="vertical-align: top; text-align : left; background-color: white; border: 1px #F0F0F0 solid; padding:0px 4px 0px 4px" class="hierarchy">null</td><td style="vertical-align: top; text-align : left; background-color: white; border: 1px #F0F0F0 solid; padding:0px 4px 0px 4px" class="hierarchy">0..1</td><td style="vertical-align: top; text-align : left; background-color: white; border: 1px #F0F0F0 solid; padding:0px 4px 0px 4px" class="hierarchy"><a href="http://hl7.org/fhir/R4/codesystem-item-type.html#item-type-question">question</a></td><td style="vertical-align: top; text-align : left; background-color: white; border: 1px #F0F0F0 solid; padding:0px 4px 0px 4px" class="hierarchy"/></tr>
<tr style="border: 1px #F0F0F0 solid; padding:0px; vertical-align: top; background-color: #F7F7F7"><td id="item.__S37-form-fields-h0ae575xlf8" style="vertical-align: top; text-align : left; background-color: #F7F7F7; border: 1px #F0F0F0 solid; padding:0px 4px 0px 4px; white-space: nowrap; background-image: url(tbl_bck00.png)" class="hierarchy"><img src="tbl_spacer.png" alt="." style="background-color: inherit" class="hierarchy"/><img src="tbl_vjoin_end.png" alt="." style="background-color: inherit" class="hierarchy"/><img src="icon-q-group.png" alt="." style="background-color: #F7F7F7; background-color: inherit" title="Group" class="hierarchy"/> __S37-form-fields-h0ae575xlf8</td><td style="vertical-align: top; text-align : left; background-color: #F7F7F7; border: 1px #F0F0F0 solid; padding:0px 4px 0px 4px" class="hierarchy">&lt;p style=&quot;text-align:left;&quot;&gt;&lt;strong&gt;Please tap on the scale to indicate how your health is TODAY&lt;/strong&gt;&lt;/p&gt;</td><td style="vertical-align: top; text-align : left; background-color: #F7F7F7; border: 1px #F0F0F0 solid; padding:0px 4px 0px 4px" class="hierarchy">1..1</td><td style="vertical-align: top; text-align : left; background-color: #F7F7F7; border: 1px #F0F0F0 solid; padding:0px 4px 0px 4px" class="hierarchy"><a href="http://hl7.org/fhir/R4/codesystem-item-type.html#item-type-question">question</a></td><td style="vertical-align: top; text-align : left; background-color: #F7F7F7; border: 1px #F0F0F0 solid; padding:0px 4px 0px 4px" class="hierarchy">Definition: https://science37.com/NG/widget/id/richText/version/2.3</td></tr>
<tr><td colspan="5" class="hierarchy"><br/><a href="http://hl7.org/fhir/R4/formats.html#table" title="Legend for this format"><img src="http://hl7.org/fhir/R4/help16.png" alt="doco" style="background-color: inherit"/> Documentation for this format</a></td></tr></table></div></text><extension url="http://science37.com/StructureDefinition/form-settings"><extension url="type"><valueString value="formType"/></extension><extension url="buildLanguage"><valueString value="US_English"/></extension><extension url="excludeFromDataExport"><valueBoolean value="true"/></extension><extension url="requireDataReview"><valueBoolean value="true"/></extension><extension url="requireEditReason"><valueBoolean value="true"/></extension><extension url="subStatus"><valueString value="Unknown Status"/></extension><extension url="controlSchemaVersion"><valueString value="2.1.9"/></extension><extension url="OID"><valueString value="FORM OID"/></extension><extension url="standardVariable"><valueString value="Standard Variable"/></extension><extension url="title"><valueString value="Form Title"/></extension><extension url="label"><valueString value="Form Label"/></extension><extension url="createdAt"><valueDateTime value="2015-02-07T13:28:17Z"/></extension><extension url="updatedAt"><valueDateTime value="2022-01-01T10:08:10Z"/></extension></extension><url value="http://science37.com/Questionnaire/Questionnaire-Item-Extension-Example-All-SingleItem"/><identifier><value value="Form ID"/></identifier><version value="1.0.0-S37"/><name value="Example : Questionnaire.Item"/><title value="Example : Questionnaire.Item"/><status value="draft"/><subjectType value="Patient"/><date value="2022-04-14T20:08:42+00:00"/><publisher value="Science37"/><contact><name value="Science37"/><telecom><system value="url"/><value value="http://science37.com/publisher"/></telecom></contact><item><extension url="http://science37.com/StructureDefinition/datetime-item"><extension url="version"><valueId value="1.0.1-ItemVersion"/></extension><extension url="OID"><valueString value="DATE_TIME_OID"/></extension><extension url="title"><valueString value="DATE_TIME_TITLE"/></extension><extension url="variableName"><valueString value="The Item variableName"/></extension><extension url="standardVariable"><valueString value="DATE_TIME_STD_VAR"/></extension><extension url="fieldCode"><valueString value="The fieldCode"/></extension><extension url="description"><valueString value="DATE_TIME_DESC"/></extension><extension url="completionPeriodOfTime"><valueString value="hr"/></extension><extension url="completionNoOfHours"><valueInteger value="22"/></extension><extension url="completionNoOfDays"><valueInteger value="2"/></extension><extension url="completionNoOfMonths"><valueInteger value="1"/></extension><extension url="completionShouldOccur"><valueBoolean value="true"/></extension></extension><extension url="http://hl7.org/fhir/StructureDefinition/maxValue"><valueDateTime value="2020-11-14T16:39:40-05:00"/></extension><extension url="http://hl7.org/fhir/StructureDefinition/minValue"><valueDateTime value="2000-11-14T16:39:40-05:00"/></extension><linkId value="__S37-form-fields-qo3cyvy8fgh"/><definition value="https://science37.com/NG/widget/id/text/version/2.3"/><text value="&lt;p style=&quot;text-align:left;&quot;&gt;&lt;strong&gt;DATE_TIME_LABEL&lt;/strong&gt;&lt;/p&gt;"/><type value="dateTime"/><required value="true"/><maxLength value="22"/><initial><valueString value=" Replacement for defaultPlaceholder"/></initial><item><extension url="http://science37.com/StructureDefinition/item-settings"><extension url="subType"><valueString value="TextArea"/></extension><extension url="version"><valueId value="1.0.1-ItemVersion"/></extension><extension url="OID"><valueString value="TEXT_AREA-OID"/></extension><extension url="title"><valueString value="TEXT_AREA_TITLE"/></extension><extension url="variableName"><valueString value="NOT Assigned by DD"/></extension><extension url="standardVariable"><valueString value="TEXT_AREA_STD_VAR"/></extension><extension url="fieldCode"><valueString value="NOT Assigned by DD"/></extension><extension url="description"><valueString value="TEXT_AREA_DESC"/></extension></extension><linkId value="__S37-form-fields-1nhurf7a3d8"/><definition value="https://science37.com/NG/widget/id/richText/version/2.3"/><text value="&lt;p style=&quot;text-align:left;&quot;&gt;&lt;strong&gt;TEXT_AREA_LABEL&lt;/strong&gt;&lt;/p&gt;"/><type value="text"/><required value="true"/></item></item><item><extension url="http://science37.com/StructureDefinition/item-settings"><extension url="subType"><valueString value="FileUpload"/></extension><extension url="version"><valueId value="1.0.1-ItemVersion"/></extension><extension url="OID"><valueString value="FILE_UPLOAD_OID"/></extension><extension url="title"><valueString value="FILE_UPLOAD_TITLE"/></extension><extension url="variableName"><valueString value="Not Assigned by DD"/></extension><extension url="standardVariable"><valueString value="FILE_UPLOAD_STD_VAR"/></extension><extension url="fieldCode"><valueString value="Not Assigned by DD"/></extension><extension url="description"><valueString value="FILE_UPLOAD_DESC"/></extension></extension><linkId value="__S37-form-fields-q6zbrgullmr"/><definition value="https://science37.com/NG/widget/id/text/version/2.3"/><text value="&lt;p style=&quot;text-align:left;&quot;&gt;&lt;strong&gt;FILE_UPLOAD_LABEL&lt;/strong&gt;&lt;/p&gt;"/><type value="attachment"/><required value="true"/></item><item><extension url="http://science37.com/StructureDefinition/item-settings"><extension url="subType"><valueString value="Image"/></extension><extension url="version"><valueId value="1.0.1-ItemVersion"/></extension><extension url="OID"><valueString value="OID field Object ID"/></extension><extension url="title"><valueString value="The Item Title"/></extension><extension url="label"><valueString value="The Item lable"/></extension><extension url="variableName"><valueString value="The Item variableName"/></extension><extension url="standardVariable"><valueString value="The standardVariable"/></extension><extension url="fieldCode"><valueString value="The fieldCode"/></extension><extension url="description"><valueString value="The description"/></extension></extension><linkId value="isdfu9s0df8us8dfy"/><definition value="https://science37.com/NG/widget/id/text/version/2.3"/><text value="Item Text Value"/><type value="attachment"/><required value="true"/><maxLength value="22"/><initial><valueString value=" Replacement for defaultPlaceholder"/></initial></item><item><extension url="http://science37.com/StructureDefinition/item-settings"><extension url="version"><valueId value="1.0.1-ItemVersion"/></extension><extension url="OID"><valueString value="NUMBER_OID"/></extension><extension url="title"><valueString value="NUMBER_TITLE"/></extension><extension url="variableName"><valueString value="NOT Assigned by DD"/></extension><extension url="standardVariable"><valueString value="FOOTER_STD_VAR"/></extension><extension url="fieldCode"><valueString value="NOT Assigned by DD"/></extension><extension url="description"><valueString value="NUMBER_DESC"/></extension><extension url="subType"><valueString value="Decimal"/></extension><extension url="scale"><valueInteger value="3"/></extension></extension><extension url="http://hl7.org/fhir/StructureDefinition/minValue"><valueDecimal value="0.002"/></extension><extension url="http://hl7.org/fhir/StructureDefinition/maxValue"><valueDecimal value="10.002"/></extension><linkId value="__S37-form-fields-jntlfakzc05"/><definition value="https://science37.com/NG/widget/id/richText/version/2.3"/><text value="&lt;p style=&quot;text-align:left;&quot;&gt;&lt;strong&gt;NUMBER_LABEL&lt;/strong&gt;&lt;/p&gt;"/><type value="decimal"/><required value="true"/><initial><valueDecimal value="1.01"/></initial></item><item><extension url="http://science37.com/StructureDefinition/item-settings"><extension url="version"><valueId value="1.0.1-ItemVersion"/></extension><extension url="OID"><valueString value="NUMBER_OID"/></extension><extension url="title"><valueString value="NUMBER_TITLE"/></extension><extension url="variableName"><valueString value="NOT Assigned by DD"/></extension><extension url="standardVariable"><valueString value="FOOTER_STD_VAR"/></extension><extension url="fieldCode"><valueString value="NOT Assigned by DD"/></extension><extension url="description"><valueString value="NUMBER_DESC"/></extension><extension url="subType"><valueString value="Decimal"/></extension></extension><extension url="http://hl7.org/fhir/StructureDefinition/minValue"><valueInteger value="10"/></extension><extension url="http://hl7.org/fhir/StructureDefinition/maxValue"><valueInteger value="500"/></extension><linkId value="__S37-form-fields-jntlfakzc05"/><definition value="https://science37.com/NG/widget/id/richText/version/2.3"/><text value="&lt;p style=&quot;text-align:left;&quot;&gt;&lt;strong&gt;NUMBER_LABEL&lt;/strong&gt;&lt;/p&gt;"/><type value="integer"/><required value="true"/><initial><valueInteger value="10"/></initial></item><item><extension url="http://science37.com/StructureDefinition/item-settings"><extension url="subType"><valueString value="ratingscale"/></extension><extension url="version"><valueId value="1.0.1-ItemVersion"/></extension><extension url="OID"><valueString value="NRS_OID"/></extension><extension url="title"><valueString value="NRS_TITLE"/></extension><extension url="variableName"><valueString value="NOT Assigned by DD"/></extension><extension url="standardVariable"><valueString value="NRS_STD_VAR"/></extension><extension url="fieldCode"><valueString value="NOT Assigned by DD"/></extension><extension url="description"><valueString value="NRS_DESC"/></extension><extension url="minValueLabel"><valueString value="Min Value"/></extension><extension url="maxValueLabel"><valueString value="Max Value"/></extension><extension url="naOption"><valueBoolean value="true"/></extension><extension url="naLabel"><valueString value="The NA Label"/></extension></extension><extension url="http://hl7.org/fhir/StructureDefinition/minValue"><valueInteger value="11"/></extension><extension url="http://hl7.org/fhir/StructureDefinition/maxValue"><valueInteger value="1100"/></extension><linkId value="__S37-form-fields-6qupvhtl05b"/><definition value="https://science37.com/NG/widget/id/richText/version/2.3"/><text value="&lt;p style=&quot;text-align:left;&quot;&gt;&lt;strong&gt;NRS_LABEL&lt;/strong&gt;&lt;/p&gt;"/><type value="question"/><required value="true"/></item><item><linkId value="__S37-form-fields-fe09fa6eto33"/><type value="display"/><item><extension url="http://science37.com/StructureDefinition/item-settings"><extension url="subType"><valueString value="RichText"/></extension><extension url="version"><valueId value="1.0.1-ItemVersion"/></extension><extension url="OID"><valueString value="FOOTER_OID"/></extension><extension url="title"><valueString value="FOOTER_TITLE"/></extension><extension url="variableName"><valueString value="NOT Assigned by DD"/></extension><extension url="standardVariable"><valueString value="FOOTER_STD_VAR"/></extension><extension url="fieldCode"><valueString value="NOT Assigned by DD"/></extension><extension url="description"><valueString value="FOOTER_DESC"/></extension><extension url="maxLength"><valueInteger value="254"/></extension></extension><linkId value="__S37-form-fields-fe09fa6eto2"/><definition value="https://science37.com/NG/widget/id/richText/version/2.3"/><text value="&lt;p style=&quot;text-align:left;&quot;&gt;&lt;strong&gt;Rich Text Area data&lt;/strong&gt;&lt;/p&gt;"/><type value="text"/><required value="true"/></item></item><item><linkId value="isdfu9s0df8us8dfy"/><type value="question"/><item><extension url="http://science37.com/StructureDefinition/item-settings"><extension url="version"><valueId value="1.0.1-ItemVersion"/></extension><extension url="OID"><valueString value="OID field Object ID"/></extension><extension url="title"><valueString value="The Item Title"/></extension><extension url="variableName"><valueString value="The Item variableName"/></extension><extension url="standardVariable"><valueString value="The standardVariable"/></extension><extension url="fieldCode"><valueString value="The fieldCode"/></extension><extension url="description"><valueString value="The description"/></extension><extension url="maxLength"><valueInteger value="22"/></extension></extension><linkId value="isdfu9s0df8us8dfy-222"/><definition value="https://science37.com/NG/widget/id/text/version/2.3"/><text value="Describe your current mood."/><type value="text"/><required value="true"/><initial><valueString value=" Replacement for defaultPlaceholder"/></initial></item></item><item><linkId value="__S37-form-fields-1nhurf723d8"/><type value="question"/></item><item><extension url="http://science37.com/StructureDefinition/vasScale-item"><extension url="subType"><valueString value="VASScale"/></extension><extension url="version"><valueId value="1.0.1-ItemVersion"/></extension><extension url="OID"><valueString value="VAS_OID"/></extension><extension url="title"><valueString value="VAS_TITLE"/></extension><extension url="variableName"><valueString value="NOT Assigned by DD"/></extension><extension url="standardVariable"><valueString value="VAS_STD_VAR"/></extension><extension url="fieldCode"><valueString value="NOT Assigned by DD"/></extension><extension url="description"><valueString value="VAS_DESC"/></extension><extension url="displayValueIndicator"><valueBoolean value="true"/></extension><extension url="valueIndicatorLabel"><valueString value="Your Health Today"/></extension><extension url="minValueLabel"><valueString value="The worst healthyou can imagine"/></extension><extension url="maxValueLabel"><valueString value="Type Something "/></extension><extension url="medValueLabel"><valueString value="Median Value Label "/></extension><extension url="naOption"><valueBoolean value="true"/></extension><extension url="naLabel"><valueString value="The NA Label"/></extension><extension url="orientation"><valueString value="vertical"/></extension><extension url="doNotShowNumValue"><valueBoolean value="false"/></extension><extension url="showIncrements"><valueBoolean value="true"/></extension><extension url="minorIncrements"><valueInteger value="1"/></extension><extension url="majorIncrements"><valueInteger value="10"/></extension><extension url="interactionType"><valueString value="Show value slider"/></extension><extension url="scaleSize"><valueString value="consistentScale"/></extension><extension url="optionalPresets"><valueString value="vasTenPointIncrement"/></extension></extension><extension url="http://hl7.org/fhir/StructureDefinition/minValue"><valueInteger value="11"/></extension><extension url="http://hl7.org/fhir/StructureDefinition/maxValue"><valueInteger value="1100"/></extension><linkId value="__S37-form-fields-h0ae575xlf8"/><definition value="https://science37.com/NG/widget/id/richText/version/2.3"/><text value="&lt;p style=&quot;text-align:left;&quot;&gt;&lt;strong&gt;Please tap on the scale to indicate how your health is TODAY&lt;/strong&gt;&lt;/p&gt;"/><type value="question"/><required value="true"/></item></Questionnaire>